Q9H221,0
P45381,0
P05093,0
P01034,0
Q03692,0
P15848,0
O00300,0
P12111,0
P39060,0
Q9NZJ4,0
P82251,0
P28358,0
P32929,0
P82279,0
P08F94,0
P20711,0
O15013,0
P19526,0
Q8N726,0
P57679,0
P07602,0
P58335,0
P24043,0
P10523,0
P30038,0
Q13753,0
Q9GZV9,0
Q04671,0
Q05823,0
P08686,0
O76082,0
P51687,0
Q9Y619,0
P06276,0
Q9Y6H6,0
P54803,0
Q9Y6J6,0
P11509,0
Q8NBK3,0
Q15465,0
P23109,0
P38435,0
O43520,0
P07911,0
O95450,0
P11498,0
P24557,0
P22105,0
Q6Q788,0
P07101,0
P16278,0
P42898,0
P38484,0
P38571,0
P43251,0
P40879,0
P31327,0
P43235,0
P20062,0
Q9GZR5,0
O15119,0
P59533,0
Q12866,0
P14679,0
P08519,0
P43681,0
P31271,0
O43819,0
P35555,0
P29460,0
O15528,0
P12955,0
P12107,0
O00358,0
Q14654,0
O43525,0
Q04446,0
O15305,0
P11230,0
O95677,0
Q9UJS0,0
P69891,0
P31639,0
P42357,0
Q9NQW8,0
P02753,0
P36551,0
P48509,0
Q99958,0
O15353,0
Q96A29,0
P41159,0
O60706,0
O60779,0
O43405,0
Q8TF17,0
Q9BX84,0
P12271,0
Q14032,0
P00450,0
P80404,0
Q16678,0
O95452,0
Q13510,0
Q9BXJ7,0
P02655,0
P30613,0
Q9H161,0
P00367,0
Q5JVL4,0
P13646,0
Q9NPJ1,0
Q9UM01,0
Q96Q42,0
O75462,0
O95389,0
P12035,0
Q10469,0
P14770,0
Q86YV9,0
O43772,0
P11277,0
P02679,0
P17050,0
P14410,0
P31513,0
P12110,0
P09417,0
Q13825,0
P08779,0
Q9NTQ9,0
Q9UHK6,0
Q14055,0
Q9H222,0
P35499,0
P19099,0
P10746,0
Q99453,0
O60806,0
Q15526,0
P50053,0
Q9GZX3,0
O75342,0
P05164,0
P42701,0
P16219,0
P15538,0
P53634,0
P27169,0
Q9BZ23,0
P35523,0
Q7Z4S6,0
Q86UK0,0
Q9H3H5,0
Q14117,0
P17900,0
Q9Y6C5,0
Q9Y672,0
Q9Y287,0
Q9H9S5,0
O00294,0
O43612,0
P02675,0
P22735,0
P54098,0
P69892,0
P55809,0
P23141,0
Q12948,0
P03999,0
Q15835,0
P13535,0
O43526,0
P17405,0
P54710,0
Q14050,0
Q09428,0
Q92911,0
P04196,0
P49747,0
Q04844,0
P63092,0
P84996,0
Q5JWF2,0
Q07837,0
P04156,0
P07357,0
Q86UK5,0
P07988,0
O95340,0
P07358,0
P04424,0
O43556,0
Q92781,0
P14138,0
O95342,0
Q14376,0
P54840,0
P28330,0
Q99456,0
P40225,0
P11488,0
Q6VVX0,0
Q13751,0
Q969F9,0
P50336,0
Q9NZB8,0
P23786,0
Q15049,0
P11511,0
P20396,0
P35527,0
P45379,0
P00568,0
P27352,0
P09758,0
O43511,0
P48637,0
Q58EX7,0
P53420,0
Q9Y6A1,0
P04181,0
Q13621,0
P51788,0
O60938,0
P01270,0
P08236,0
P23409,0
Q9UPZ3,0
Q96MS0,0
P51798,0
P04066,0
P35573,0
P00995,0
Q9NRM1,0
P11310,0
Q9NZW4,0
P01229,0
P51649,0
Q9NYJ7,0
P32754,0
P43080,0
P50443,0
O95954,0
P07099,0
P05166,0
P38935,0
P10253,0
Q16143,0
P13942,0
O60931,0
P05155,0
P03951,0
Q99643,0
P30566,0
Q13698,0
P07686,0
Q01718,0
Q93099,0
Q16610,0
P06865,0
Q9UJJ9,0
Q15392,0
Q9UBM7,0
P00390,0
Q9NZV5,0
P15289,0
P03971,0
Q96EY8,0
P49638,0
O14521,0
P00439,0
O75880,0
Q92685,0
O15120,0
P05997,0
P07477,0
P07902,0
O95255,0
Q16585,0
Q99707,0
Q9Y5I7,0
O15232,0
P37058,0
P11678,0
P07202,0
Q9BTY2,0
Q8TAM2,0
P35453,0
P35914,0
P05546,0
P30968,0
P02042,0
P19013,0
Q96NR8,0
Q9NZR4,0
Q9NRG9,0
Q02318,0
P10643,0
P35575,0
P61626,0
P56696,0
P16930,0
Q9GZU1,0
O96007,0
O96033,0
O95461,0
P35475,0
Q9UNE0,0
P10635,0
Q02643,0
P07954,0
Q03393,0
Q16281,0
Q9HCJ1,0
P57082,0
P05165,0
Q3T906,0
P43026,0
O75712,0
Q9UHW9,0
P41181,0
Q9NQ38,0
Q8TDI8,0
Q14623,0
P02533,0
P19440,0
P56715,0
Q02846,0
P42892,0
P28329,0
Q9Y215,0
Q9UBK8,0
P51801,0
P08590,0
Q695T7,0
Q9BYJ1,0
P13866,0
Q15858,0
Q9Y223,0
Q9NQG7,0
Q92902,0
P01008,0
P35556,0
Q9Y3A5,0
P34059,0
Q9NWW5,0
P29120,0
P13716,0
P78363,0
P08185,0
O75443,0
Q9H6K4,0
P08493,0
Q9NRA2,0
P25067,0
P23415,0
P57727,0
Q9UBV7,0
P98194,0
P08397,0
Q9NQE7,0
Q99250,0
O43505,0
Q86SU0,0
P00751,0
O75417,0
Q9BWX5,0
O60423,0
Q7L513,0
Q9NZG7,0
Q9NS98,0
Q9Y615,0
Q96JQ2,0
O60928,0
P55073,0
Q96G91,0
Q96PE3,0
Q8TE23,0
O95696,0
Q9C0B6,0
Q9H2E6,0
Q8TC76,0
Q9H857,0
Q99550,0
Q2Y0W8,0
Q6Q8B3,0
O15090,0
Q5ZPR3,0
O95267,0
A5PKW4,0
Q8N427,0
P80370,0
Q6ZMG9,0
Q96RP3,0
Q96L42,0
Q05315,0
A3KN83,0
Q9UGC6,0
Q9NXI6,0
O00533,0
Q99731,0
Q9BTF0,0
O60284,0
P51679,0
P13500,0
Q8IWZ5,0
Q9NUA8,0
O60245,0
Q13454,0
Q3KP66,0
Q9UJC5,0
Q8IWU6,0
Q8IVF2,0
Q17RF5,0
Q96NJ5,0
P02689,0
O43296,0
Q8N6D5,0
P02724,0
Q5JZY3,0
O95907,0
Q52LD8,0
Q8NHJ6,0
Q8WYK1,0
Q9P219,0
Q96JQ5,0
Q16515,0
P10767,0
O43897,0
Q9NX94,0
P04141,0
Q99678,0
Q9GZP0,0
Q86V21,0
Q9UF47,0
P01833,0
A2RRD8,0
Q8WUJ0,0
Q9P2W7,0
Q15124,0
Q8WY22,0
A4D1E1,0
O95183,0
Q8TCC3,0
Q8NFW9,0
B1AL88,0
Q9P273,0
Q68DA7,0
Q86VD1,0
Q6X784,0
Q6XE24,0
Q8N6R1,0
Q8N6M6,0
P30480,0
P30486,0
Q29836,0
Q31610,0
Q31612,0
Q5T5N4,0
Q9NZ08,0
Q9UK85,0
Q15111,0
Q9UKF5,0
Q9BVQ7,0
Q03591,0
Q9Y2B2,0
Q9NVF9,0
Q92686,0
P49286,0
Q5VWK5,0
P12872,0
P04440,0
P57729,0
Q9HB63,0
Q9UIR0,0
Q9NTI2,0
P59646,0
O60575,0
Q14123,0
P08620,0
Q9HBW9,0
Q9NP56,0
Q6DN12,0
Q9P2W6,0
Q4LDE5,0
Q9P2U8,0
O00481,0
Q9UJ68,0
Q8IUR5,0
Q9BS86,0
Q9NR00,0
Q92186,0
Q9NYW5,0
Q9HBL0,0
Q9UI43,0
Q10981,0
Q96GV9,0
Q8WZ64,0
P78410,0
P56705,0
P08254,0
P0C0S8,0
Q68DE3,0
Q86UY8,0
Q9Y485,0
Q8IXU6,0
P05496,0
P33763,0
Q9HBE4,0
P61925,0
Q9NRB3,0
A8MV81,0
P23510,0
Q9BSJ8,0
Q7L1S5,0
Q96A11,0
Q8IXZ3,0
O60682,0
O60733,0
Q6VAB6,0
Q6NUN0,0
O75534,0
O60658,0
Q9HB29,0
Q96IX5,0
Q9ULB4,0
Q9UHE5,0
Q9BXA5,0
Q14624,0
Q14CX5,0
O75038,0
Q92963,0
Q07973,0
Q8WUY3,0
P04229,0
Q29974,0
Q9GIY3,0
P32971,0
Q6FHJ7,0
Q8N0X4,0
O00391,0
Q8NI17,0
P23919,0
Q99616,0
Q3MUY2,0
P48061,0
Q9BWX1,0
Q8WY21,0
P13725,0
P56703,0
Q9UBM1,0
Q9HC38,0
Q86TN4,0
Q07343,0
O95388,0
Q9H0M4,0
O75077,0
Q13530,0
Q9NY74,0
Q16706,0
A1Z1Q3,0
P51397,0
Q96MH6,0
Q9GZZ0,0
Q9Y2L6,0
O95150,0
O75054,0
Q53G44,0
Q9Y2G0,0
Q9H0N5,0
Q92896,0
Q9BXR6,0
Q08188,0
Q6ZTQ4,0
O95500,0
Q8N7M2,0
Q8TD06,0
O14792,0
Q9BR01,0
Q6P4H8,0
Q9H0N0,0
Q5VZY2,0
Q86V86,0
Q9Y4K1,0
Q9Y2W3,0
P52797,0
Q969D9,0
Q9NPH5,0
Q8IZ57,0
Q9NZ56,0
Q9Y561,0
P15529,0
Q9UQV4,0
Q969X1,0
Q5SRN2,0
O95944,0
P56177,0
Q969G6,0
Q9HBX8,0
Q8WWF8,0
Q8TC26,0
O00584,0
P80723,0
P55290,0
Q8N394,0
Q8IZS8,0
O95803,0
Q86WU2,0
P09488,0
P31994,0
Q96JD6,0
P20036,0
Q3KPI0,0
Q86UW8,0
A6NJI1,0
P52798,0
Q9P1W3,0
P57789,0
Q6ZSC3,0
O95750,0
Q9Y625,0
Q5TBC7,0
O75129,0
Q96QE2,0
Q8IWX5,0
Q9NZC2,0
P49914,0
P32297,0
Q9Y693,0
Q1MX18,0
O97980,0
A2RUC4,0
Q99788,0
Q96CW9,0
Q8N1E2,0
Q717R9,0
Q96C57,0
Q8N1S5,0
Q8IWU5,0
Q92523,0
Q9H3U5,0
Q9H169,0
Q9NQ75,0
Q9C009,0
Q13336,0
P54296,0
Q8NEV9,0
P60985,0
P43088,0
Q8N8I0,0
Q92802,0
P0C1S8,0
O60449,0
O00182,0
P32019,0
Q04743,0
P27658,0
O43497,0
Q9NYG8,0
Q9UHF4,0
Q9HBV1,0
Q86XJ0,0
Q10588,0
Q9NZU1,0
Q9UJM8,0
Q6ZVN8,0
Q5TGI4,0
Q9H6E4,0
Q96A46,0
Q9NR56,0
Q6P6B7,0
Q92752,0
P10720,0
Q92485,0
P47928,0
Q9C0H2,0
Q8WWH4,0
Q16348,0
Q8N5J2,0
Q8IVQ6,0
Q8NEH6,0
A6NML5,0
Q8NA56,0
Q9NUQ9,0
Q14392,0
O14529,0
Q9BQT8,0
Q8NFY4,0
Q3KR37,0
Q8TBZ9,0
Q6PKC3,0
P22004,0
O94806,0
Q9HBH5,0
O43825,0
P42830,0
Q5BKX6,0
Q96T55,0
Q8NAF0,0
Q9ULK0,0
Q8TCF1,0
Q9BYI3,0
Q13261,0
Q8IUK8,0
P24723,0
P48065,0
Q8WVN8,0
Q92543,0
Q8NHY0,0
Q5GH73,0
Q9P202,0
Q9HBL6,0
P06340,0
Q9NUQ6,0
O94808,0
Q9NXK6,0
Q16352,0
Q9H2R5,0
Q9UBR2,0
Q8WTQ4,0
Q6DN14,0
Q86XQ3,0
Q9UJ96,0
Q9UHD0,0
Q9H5Y7,0
Q8IZC4,0
P58005,0
O60268,0
Q5VTQ0,0
Q8WWA0,0
Q86TB3,0
Q7Z3B1,0
Q9Y4A0,0
Q8NEL9,0
Q03052,0
Q9Y5Y3,0
P20702,0
Q9Y5K2,0
Q6P4I2,0
P48378,0
Q9Y6W8,0
Q86UF4,0
Q11203,0
O60641,0
Q9H7R5,0
Q5SVJ3,0
P50440,0
P06727,0
A8MZ97,0
O00476,0
Q8N8Q8,0
Q8NEW0,0
Q96C00,0
P51857,0
Q9NY25,0
O94988,0
Q9P266,0
Q9Y222,0
Q99946,0
Q8NAP3,0
Q6UWN5,0
Q6YHU6,0
Q9UL17,0
Q6UVM3,0
Q8IYE1,0
Q9BZF2,0
Q13018,0
Q16676,0
Q96L96,0
Q495T6,0
P09544,0
P40200,0
Q8N7B1,0
Q8IUM7,0
Q4ZHG4,0
Q7RTY0,0
Q504Y0,0
P78333,0
Q13126,0
Q6IMI4,0
Q8IYV9,0
Q9C0B1,0
Q8TEW8,0
Q9Y4E6,0
Q9UBH6,0
O95237,0
Q9BXU9,0
Q13201,0
O00341,0
Q8NGK4,0
P34981,0
Q9Y6X6,0
P12018,0
Q969X5,0
Q9BRV3,0
P54289,0
Q86XP6,0
Q9HB58,0
Q9UM22,0
Q8IVL0,0
O95936,0
Q6P4Q7,0
Q08289,0
Q6AI14,0
Q96I13,0
Q9HAR2,0
Q9UM00,0
Q5W186,0
P17927,0
Q96B21,0
A6NHT5,0
P08833,0
O94885,0
O00462,0
Q8WUU8,0
O15178,0
Q8TF72,0
O95256,0
Q8N9B8,0
Q9H0V9,0
Q3MIT2,0
Q92953,0
Q96QA5,0
Q8NI32,0
P30532,0
Q9Y234,0
Q9H8M5,0
Q7Z3E5,0
Q96FE5,0
O14788,0
Q9H987,0
Q5JRA6,0
Q96C45,0
Q75V66,0
Q8N0U7,0
Q9NS00,0
P84550,0
Q6PGN9,0
Q8TAD7,0
Q14916,0
A6NFE3,0
P0C0P6,0
Q9NY15,0
Q13946,0
Q13342,0
Q9H4D0,0
Q9P2Q2,0
Q9H1J5,0
Q8N9W6,0
Q8N6Q1,0
P47974,0
P19875,0
Q8TEH3,0
Q76B58,0
Q6UWF9,0
P27930,0
Q7Z4V0,0
P81605,0
Q15126,0
Q96KN3,0
Q8IWU9,0
Q9BRR8,0
Q86SQ7,0
Q5T6C5,0
Q9Y2H5,0
P57768,0
Q9P0W0,0
Q6P6B1,0
Q96IU2,0
Q13478,0
P26927,0
Q8N628,0
Q9NNZ6,0
O14986,0
O95760,0
Q9GZQ6,0
Q6P3X3,0
P02812,0
Q09328,0
P62736,0
Q96AZ6,0
Q99944,0
Q3KR16,0
Q9HCD5,0
Q9UGL9,0
P51828,0
Q96JK4,0
P01111,0
Q9NZK7,0
Q9UIG8,0
Q06416,0
Q92932,0
Q6PI25,0
Q86UC2,0
Q96JJ7,0
Q6UWL2,0
P09681,0
O14522,0
P50225,0
Q9UGI6,0
Q68D51,0
Q6ZR08,0
Q16612,0
Q9NPH9,0
Q6IPW1,0
P50479,0
O60427,0
Q969X0,0
P02741,0
P57073,0
P46091,0
Q8N228,0
O43316,0
Q9H306,0
Q8IYJ2,0
Q9BUK6,0
Q96M93,0
Q8N807,0
Q9BWT1,0
Q86WK7,0
Q6UX34,0
Q9NY57,0
Q96AG3,0
Q460N3,0
P78414,0
Q7Z3E1,0
P20592,0
Q13875,0
Q8NEN9,0
Q8NCR9,0
Q96MI6,0
Q562R1,0
Q7Z7A4,0
Q7RTU3,0
Q9NYY1,0
Q9HAU8,0
Q9HBF5,0
Q08462,0
Q96KA5,0
Q2M2I3,0
Q9NYW7,0
Q9UGC7,0
Q53FE4,0
Q8IVG5,0
Q5VWZ2,0
Q29980,0
Q6UWF3,0
P09238,0
Q4L180,0
Q7Z7G0,0
Q9HBK9,0
Q2LD37,0
O15552,0
P0DPB3,0
O75493,0
P59103,0
O95772,0
Q9BYQ9,0
Q6V0I7,0
O95620,0
P35225,0
Q96PZ7,0
P57071,0
Q5VWQ0,0
Q9ULB5,0
Q5TZA2,0
A6NFH5,0
Q1XH10,0
Q9NV64,0
Q02985,0
Q8TAU0,0
Q8IZL2,0
O15244,0
O60667,0
Q9Y5Y4,0
A6NLW8,0
Q5VZT2,0
Q9UHP7,0
Q6QNK2,0
Q6DKJ4,0
O75508,0
Q8IVJ1,0
Q6P9H4,0
Q9NRA0,0
Q9UBX1,0
Q8N8Q1,0
P36402,0
P32249,0
P26232,0
Q6IQ23,0
Q96EP9,0
P11150,0
Q9BU70,0
P01589,0
Q9HCJ6,0
P59665,0
A1A5C7,0
Q86WP2,0
A8MYP8,0
P49895,0
Q5VVW2,0
P04217,0
Q9UMS5,0
Q9UNN8,0
Q86SG7,0
P22894,0
P61018,0
Q9Y2D9,0
Q6ZMP0,0
Q9P0M2,0
Q9BYH1,0
P51671,0
P0DP25,0
Q9NYW6,0
Q10713,0
Q8TE58,0
Q8WTV0,0
Q6ZN01,0
Q9H293,0
Q96NB2,0
Q8NFU5,0
Q5VUG0,0
Q8N6W0,0
Q96CQ1,0
P41597,0
Q9HCU0,0
Q15399,0
Q8IYL9,0
Q7Z7G1,0
Q5VTT5,0
P19075,0
Q70YC4,0
Q70YC5,0
Q96T52,0
Q8TD26,0
Q8NDG6,0
Q9Y5L5,0
P09529,0
Q08116,0
P43652,0
P0C7Q2,0
Q9BXI9,0
O94779,0
Q92826,0
Q9P272,0
Q8TBF8,0
Q6UWF7,0
Q99676,0
Q9Y4G2,0
Q9Y5R5,0
Q6PIW4,0
Q9Y5R6,0
Q6NSI8,0
Q9UKU0,0
P23470,0
Q9H6B1,0
Q6RVD6,0
Q8NGU2,0
O43861,0
P35716,0
P58397,0
O00222,0
Q9H2I8,0
Q9P2N4,0
Q9H2F9,0
Q12907,0
Q9Y3P4,0
P08567,0
Q8N323,0
Q9H3J6,0
Q9BV23,0
Q7Z5A7,0
Q96EK6,0
P47890,0
Q9NRM0,0
Q5VUE5,0
Q68CQ7,0
P09668,0
A8MYZ6,0
Q330K2,0
Q8IWA6,0
O00453,0
Q14330,0
Q6PJG9,0
Q9NZA1,0
Q9Y2H6,0
Q5T7P8,0
Q7Z7D3,0
Q9HCJ5,0
Q96N19,0
Q9NS82,0
A6NC98,0
Q3MIW9,0
Q6IWH7,0
Q96KG7,0
Q7Z4J2,0
Q8IV20,0
Q8N3K9,0
P10966,0
Q9NPC7,0
Q8TE73,0
Q86SQ4,0
Q96N06,0
Q96D05,0
Q5SZL2,0
O76027,0
O15075,0
Q684P5,0
Q7Z7G8,0
O75167,0
Q14571,0
Q9Y5X2,0
Q8N7K0,0
P19876,0
Q9UIW0,0
Q9BZF9,0
P59510,0
Q08AH1,0
P29459,0
Q9H5N1,0
Q9HB15,0
Q86WG5,0
P20930,0
Q9UIG5,0
O76061,0
Q9Y5Q3,0
Q4ZG55,0
P25089,0
Q9BZW4,0
P09603,0
Q96C74,0
Q8N8Z6,0
Q9P2D7,0
Q86TE4,0
Q9NP78,0
O75015,0
O43759,0
O60565,0
Q8IYX8,0
Q9BZD6,0
P33241,0
Q14108,0
P54826,0
Q8N5A5,0
Q9HC97,0
Q9H2W1,0
Q9BWV1,0
Q9NZQ0,0
Q9H3Y6,0
Q9UEW8,0
Q14DG7,0
Q6P444,0
O95263,0
Q8TBX8,0
Q9UM21,0
Q8WV07,0
Q8NE09,0
Q8NCK7,0
O60503,0
Q9UNG2,0
Q9P0X4,0
Q9Y394,0
Q8N8D7,0
P52823,0
P51686,0
P01308,0
Q8N6T0,0
Q15063,0
Q92824,0
P13686,0
Q9NZR2,0
Q9P2K2,0
P60673,0
Q8IZF0,0
Q9BXB7,0
Q96B42,0
Q15477,0
O00585,0
Q9Y6N1,0
Q9H3Z7,0
Q5VXU1,0
Q6N063,0
Q9UM82,0
P16383,0
Q9NUM4,0
Q86UF1,0
Q9BZM4,0
A4D263,0
Q8N5V2,0
Q9BZQ4,0
Q2M3G0,0
Q6P179,0
Q9Y6P5,0
Q6P9B6,0
Q9UBQ6,0
Q32M45,0
Q9ULM2,0
Q9NPA5,0
Q9NTW7,0
P01036,0
Q12870,0
Q9UMX9,0
Q9HB40,0
Q8WXS8,0
Q99928,0
Q3MJ13,0
Q96PG1,0
Q8WVV5,0
Q0VF96,0
P56706,0
Q8NFF2,0
P56202,0
Q17R60,0
Q96MZ4,0
Q9H3Y8,0
O15050,0
Q9NPH2,0
Q7Z6I6,0
Q17RY0,0
P80162,0
Q9NPF7,0
Q96B86,0
Q9HCE6,0
Q8TF09,0
P49842,0
O14594,0
P54219,0
Q16877,0
Q8N103,0
P05112,0
Q969Q4,0
O60518,0
Q5M9N0,0
Q70CQ4,0
Q15849,0
Q8WV92,0
Q8NCU7,0
O95932,0
Q13572,0
Q8WXH2,0
Q08334,0
P51512,0
Q9BZQ6,0
Q5T2D2,0
Q6ZSG2,0
Q6MZW2,0
Q9HCL0,0
Q9HCK1,0
Q8NEN0,0
Q96JG9,0
O60711,0
Q5HYI7,0
Q9NS68,0
P11226,0
Q16769,0
A6NF36,0
Q99943,0
P55286,0
Q8N7C4,0
Q96DU7,0
Q96PZ0,0
Q9NUZ1,0
Q9UKP4,0
Q9P2X7,0
Q5VYJ5,0
Q9BWF3,0
P63162,0
Q6ZT98,0
Q9NWZ5,0
Q8N957,0
Q15109,0
P60568,0
Q8TF47,0
P41221,0
Q9H7V2,0
Q9NQ25,0
P59045,0
P48549,0
O60393,0
Q96QV1,0
Q6ZS81,0
P57058,0
P09919,0
O94811,0
Q4W5P6,0
Q6UX98,0
Q9Y2I8,0
Q96E17,0
Q86UG4,0
Q13324,0
Q86TL2,0
Q7Z4R8,0
Q9BYG8,0
Q9H825,0
Q96KW2,0
Q14520,0
Q8TC94,0
Q6P3S1,0
Q12947,0
Q9BYD9,0
P09326,0
P60153,0
O00421,0
Q9H6I2,0
Q7Z570,0
O75473,0
Q9UJT1,0
Q9HAT2,0
Q8IVF4,0
Q12981,0
Q8IZ02,0
Q6UB28,0
Q5FWF7,0
Q9H694,0
P30203,0
A4D126,0
Q9UF02,0
Q2KHT3,0
Q3KP44,0
Q92619,0
Q10571,0
Q96A23,0
P23677,0
Q8TB37,0
Q5T1A1,0
Q8TCT1,0
Q8IWK6,0
A6PVS8,0
Q9Y2E4,0
O60242,0
Q6NUK4,0
Q9H2L4,0
Q8IZS7,0
Q8NAA6,0
O43301,0
Q8IY45,0
P19827,0
Q96LP6,0
O60882,0
Q8NDI1,0
Q9Y3Q4,0
Q8TB68,0
Q9BXA9,0
Q7Z7K0,0
O00337,0
Q96QS1,0
Q9NW81,0
Q9NQ88,0
Q12955,0
Q01151,0
Q14692,0
P15018,0
Q6ZN30,0
Q9Y5Q0,0
Q49A92,0
Q8WV93,0
Q8NDZ4,0
Q9ULL1,0
Q9NR83,0
Q96AA3,0
Q96DC8,0
Q9P121,0
P31249,0
Q14690,0
Q86X19,0
A4D1U4,0
Q9UIE0,0
Q9HCU4,0
O75325,0
Q6Y288,0
P52746,0
P55289,0
Q8TDI7,0
Q6ZP80,0
Q7L985,0
Q5VXT5,0
Q6ZS10,0
Q9NSD5,0
Q9NVE4,0
Q8NA66,0
Q86XE0,0
P17213,0
O43548,0
O95626,0
P02776,0
Q8N3F9,0
P34982,0
Q9BPU9,0
Q96BZ4,0
Q9UPW6,0
Q9NYC9,0
Q92832,0
Q9Y5N1,0
Q8N3S3,0
Q8N8G2,0
Q969V1,0
Q8WVF5,0
Q9UPW8,0
P10153,0
Q6UXL0,0
Q9NY72,0
P04553,0
Q8N841,0
Q96LT7,0
Q13591,0
P28566,0
Q9H400,0
Q6ZPD9,0
Q9NRR6,0
Q14563,0
Q8IWU4,0
C9JQI7,0
Q8IZV2,0
Q8WWQ8,0
P45378,0
A6XGL0,0
O14994,0
A2RRH5,0
Q9HCC9,0
Q86WK6,0
O75794,0
Q12946,0
O76096,0
Q9UKD1,0
Q4G0P3,0
Q9BT17,0
P04554,0
Q8NG11,0
Q8NHS4,0
O43451,0
P53794,0
Q9NPI9,0
Q9UKP5,0
P60059,0
O95864,0
Q5TBK1,0
Q58DX5,0
Q03167,0
Q15771,0
P36639,0
Q9Y6T7,0
Q9NXG0,0
Q9NS71,0
P01906,0
Q9P2K8,0
Q96B45,0
Q5ST30,0
Q9UKF2,0
Q9NYW4,0
P61812,0
Q96PX8,0
Q12952,0
Q9P2F6,0
Q9Y256,0
Q6P9G4,0
Q8TCB0,0
O14815,0
Q15762,0
Q9Y278,0
A4IF30,0
Q14872,0
Q9HAK2,0
Q9Y6N5,0
Q32M84,0
Q9BYU1,0
Q6ZVW7,0
Q8WWQ2,0
Q16288,0
Q11206,0
A8MV65,0
Q8IU99,0
P04439,0
P13746,0
P16188,0
Q5SYC1,0
Q2WEN9,0
Q9BQ31,0
A6NKG5,0
Q8IXF0,0
A7XYQ1,0
O94760,0
P42127,0
Q8IUL8,0
Q8WTR8,0
P54821,0
Q3SY56,0
O95399,0
Q8NC56,0
Q56P42,0
P57772,0
P30926,0
Q8TEA1,0
O94788,0
Q9NXL6,0
Q9P255,0
Q9HCK4,0
P11086,0
P01909,0
Q5KU26,0
Q9UMX3,0
Q8WXD2,0
P0CAP2,0
Q6EEV4,0
Q96SF2,0
Q6UXA7,0
P47898,0
Q8N4L1,0
Q9P265,0
Q2UY09,0
Q86X52,0
Q9BYL1,0
Q9NXU5,0
Q96EZ4,0
Q8NGP4,0
Q8IV48,0
P35711,0
Q9BYN0,0
Q9Y2G9,0
Q14679,0
Q8N138,0
Q9HA72,0
Q2M1Z3,0
Q8WY91,0
Q8IZA0,0
O00712,0
Q567V2,0
Q5T7M9,0
A6NLJ0,0
P49279,0
Q9BWT3,0
Q5PT55,0
Q86Y38,0
Q86SM8,0
Q9NXJ5,0
O43653,0
A8MPS7,0
Q9BYE3,0
Q8WWC4,0
Q14542,0
P0C0L5,0
Q9UPZ6,0
Q8NBI3,0
P11597,0
Q96NA8,0
Q86XP1,0
Q5SWA1,0
Q6PCB5,0
P46721,0
Q8NGL6,0
O75354,0
B4DS77,0
O75751,0
Q5VZB9,0
Q5VTY9,0
Q9C0I4,0
Q96GE9,0
Q8IV01,0
Q96A84,0
Q6UB35,0
Q8IZY2,0
Q9UPA5,0
Q8N8R5,0
Q9ULA0,0
P50226,0
Q9NRE2,0
O15034,0
Q96EX2,0
Q16649,0
Q9BSK1,0
Q9BYR0,0
Q8IZS6,0
Q8N3H0,0
P56557,0
Q03169,0
P13232,0
P31941,0
Q13554,0
Q6ZUX7,0
P55259,0
Q8NAG6,0
P21941,0
Q969M3,0
Q86WI3,0
Q92496,0
Q8N3J2,0
Q14246,0
Q6ZMN7,0
P42681,0
O43854,0
Q9UQ52,0
Q6P9F0,0
Q9H6D8,0
Q5T197,0
Q9HDB5,0
Q9Y4C0,0
Q96SZ5,0
Q9NSA1,0
Q5JPB2,0
Q9H4Q3,0
Q30154,0
P04798,0
Q9Y6A9,0
Q8NFW1,0
Q06033,0
Q14156,0
Q969J5,0
Q01638,0
Q8IZU8,0
Q13003,0
Q96EK7,0
Q13609,0
Q6ZSZ6,0
Q6V1P9,0
Q8N3Z0,0
Q9H3U7,0
O14656,0.0
P25024,0
P51957,0
Q8IWZ8,0.5
Q9GZU7,0
Q15572,0.8333333333333334
P61224,0
Q00266,0
P20618,0.7718360071301248
O14832,0
O15228,0
Q06643,0
Q9P2X0,0
P12814,0.0196078431372549
P11308,0.0544464609800363
Q96CF2,1.0
P51587,0.12433862433862433
Q09472,0.03645141287979449
P48165,0
P51825,0.3516483516483517
P12235,0.0
P32302,0
Q9BQB6,0.0
Q86UL8,0
Q07352,0
Q96E14,0
P21817,0.16666666666666666
P00533,0.021362695275738752
Q01484,0
Q92560,0.09523809523809523
P08133,0
Q96JN0,0.2
P48506,0
O75569,0.2
P20908,0
P08887,0.0
Q9C040,0
P14416,0.0
O75030,0.06666666666666667
Q9H3L0,0
Q9H013,0
Q8IWU2,0.5
Q9UBP6,0
Q9UHH9,0
P46934,0.020224719101123594
P10646,0
P80098,0
P98082,0.075
Q8WWN9,0.0
P19838,0.09276018099547512
Q7Z6G8,0
P08581,0.12121212121212122
Q68CZ1,0.07352941176470588
P02452,0.0
Q15648,0.28489795918367344
P08237,0.3333333333333333
Q8IU85,0
Q99697,0
Q9UI10,1.3333333333333333
P35913,0
Q8WUB8,1.0
Q16543,0.07043650793650794
Q709C8,0
P01236,0
P13671,0
Q92831,0.07894736842105263
Q6VY07,0
Q96CV9,0.06
Q8TDP1,0
Q9HB21,0
P27540,0.16666666666666666
P11717,0.3333333333333333
Q8NCE0,0
P21860,0.19166666666666668
Q6IBS0,0
Q9Y6N9,0
Q99612,0
O75503,0
P48357,0
Q92833,0.47619047619047616
P55895,0
O15287,0.22924901185770752
Q06710,0
Q9H1R3,0
P01009,1.0
P40617,0
P13196,0
O75934,0.6
P25942,0.3516483516483517
P55089,0
P28906,0
Q96RK4,0.0
O15520,0
Q9HCC0,0
P00918,0
P40938,0.9047619047619048
O43680,0.0
Q01469,0
Q9Y6N8,0
P61916,0.0
P54802,0
Q8WUM4,0.09473684210526316
Q01892,0
Q13253,0
P51668,0.014930217461863031
Q13976,0.0
Q15650,0.42857142857142855
Q96PK6,0.0
Q56P03,0
P58546,1.0
Q9HCU9,0.2692307692307692
Q92782,0
P20042,0.14285714285714285
Q16602,0
P19878,0.2
P29590,0.07860011474469306
P62333,0.7552552552552553
O96017,0.1010752688172043
P39748,0.25
P02671,0.0
P28222,0
Q08554,0
Q14790,0.1443850267379679
Q13873,0.08333333333333333
Q9NRP7,0.0
Q92736,0.3333333333333333
Q00597,0.22105263157894736
Q9NWZ3,1.0
P48546,0
P11171,0.0
O94973,0.7333333333333333
Q9P212,0
P00488,0
Q92688,0.0
P23526,0
P14735,0.0
Q13563,0.0
P28799,0.0
Q9Y6G5,2.0
Q8N608,0
Q6ZN17,0
Q9UKT9,0.21428571428571427
Q13291,0.0
Q6KC79,2.0
Q6Y7W6,0.3333333333333333
Q8ND25,0.10714285714285714
P49715,0.10822510822510822
Q13794,1.0
Q6DN90,0
Q8WW38,0.4
Q9C004,0
O95714,0.04233870967741935
P15498,0.18518518518518517
P35813,0.1
O75864,0
P98160,0.0
P23588,0.13333333333333333
O75306,0.47619047619047616
Q13023,0
Q8NI51,0.1
A7MCY6,0.3
Q9BRD0,0
Q9Y6D9,0.3333333333333333
Q9UQN3,0
O00750,1.0
Q13936,0
P04180,0
P29033,0
P15884,0.04395604395604396
Q13428,0.3333333333333333
P04275,0
O15360,0.24307692307692308
P51659,0
O95477,0.0
P27216,0
P31040,0.0
Q9H4A3,0.1
P35247,0
Q12802,0.047619047619047616
P19447,0.2833333333333333
Q13615,0
Q5VIR6,0
Q6PD62,0.42424242424242425
Q9UQQ2,0
Q8IWZ6,0
P08637,0
P59780,0
P17301,0
Q6NUN9,0
O75486,0.39869281045751637
O75923,0
P55265,0.3333333333333333
Q71F56,1.0
Q9UM07,0.8333333333333334
Q9HB96,0.8055555555555556
Q14974,0.08266129032258064
P55317,0
Q6UXX9,0
Q5VWQ8,0.2
O15182,0
Q9UJT9,0.0
Q8N2H9,0.8333333333333334
Q9NZI8,0.0
Q13557,0
Q9H009,0
P84085,0
O60282,1.0
Q92754,0.0
P23434,0
O14896,0
P53985,0
Q16518,0
P58012,0
Q7L190,0.0
Q9BWG4,0
Q96RS6,0.15789473684210525
O15392,0.21794871794871795
P20749,0.16993464052287582
Q96LC9,0.16666666666666666
P21583,0
P60228,0.26877470355731226
P23246,0.1380952380952381
Q7Z419,0.0
Q86WG3,0
Q9H165,0.09523809523809523
P55197,0.3333333333333333
O75197,0.0
Q13144,1.1666666666666667
P01344,0
P35568,0.13438735177865613
Q8NI36,0.3333333333333333
O14646,1.0
P09493,0.03571428571428571
P43250,0.0
P22033,0
O14753,0
P14780,0
P32926,0
P42704,0.5
P05113,0
Q9P2D0,0.16666666666666666
P61981,0.07155399473222125
O76041,0.0
Q96EV8,0.15151515151515152
P21359,1.0
P05107,0.16666666666666666
Q96KS0,0.0
Q13685,0.0
P09622,0.4
O60674,0.14482758620689656
Q9Y5L0,0
Q8WWI1,0
P01889,0
P25189,0
P14921,0.42857142857142855
P01303,0
Q03468,0.18681318681318682
P18850,0.0
P21802,0.06666666666666667
O15533,0
O14545,0
Q8TAA3,1.0980392156862746
P41594,0
Q92889,0.5
P10916,0
O75955,0.09523809523809523
Q8N3X6,0
Q9P104,0
P11712,0
Q9BXA6,0
P10144,0
Q9Y232,0.42857142857142855
P23508,0
Q96QB1,0.0
Q9NZN8,0.8333333333333334
P01130,0.0
P24864,0.13538461538461538
O15068,0
Q9Y4H4,0
Q96ES7,0.23550724637681159
P43034,0.12087912087912088
Q9UMX1,0.0
Q9BX63,0.47619047619047616
P25786,0.4223512336719884
P28289,0
P42081,0
Q00341,0
P02792,0
Q9UBX5,0
Q92499,0.2
P17676,0.2536231884057971
O95409,0.0
O14618,0
Q68CP9,1.3333333333333333
P18074,0.5111111111111111
Q9UKM9,0.8333333333333334
Q9NRD0,0.3333333333333333
P10912,0.06593406593406594
P17066,1.0
P29320,0
Q92786,0
P42226,0.15151515151515152
P18848,0.14705882352941177
Q07011,1.0
P05177,0
O14746,0.1111111111111111
P04629,0.14736842105263157
Q8NFG4,0.6666666666666666
Q12913,0
P49247,0.0
Q9HBM0,0
Q09470,0
P04075,0.13333333333333333
P00813,0
Q9BVP2,0.4222222222222222
P02654,0
Q8WUA2,0
O14807,0.16666666666666666
Q86YC2,0.2857142857142857
P36969,0
P20963,0.19047619047619047
P24752,0
P41235,0.14705882352941177
Q14203,0.0915032679738562
P35498,0
P07288,0
P13693,0.16666666666666666
P14222,0
Q06413,0.07142857142857142
Q6UUV7,0
Q13007,0.3333333333333333
O00512,0
P20226,0.0734006734006734
Q96QZ7,0.0
O95475,0
Q86XI6,0
Q9Y6Q9,0.12525252525252525
Q13671,0.0
Q15672,0.24242424242424243
Q03164,0.1492063492063492
Q14190,0
Q9H2B2,0
P08123,0
P02748,0
Q13402,0.0
Q9UKN7,0
Q9Y5P6,0
O43593,0
P41250,0.5
P28066,0.6869095816464238
P33681,0
P19438,0.13903743315508021
P35219,0
O43353,0.4393939393939394
Q9Y496,0.3333333333333333
Q9P2D1,0.4
Q9UBZ9,0.23809523809523808
P18428,0
P00742,0
Q02556,0.16666666666666666
Q9UJY1,0.5
Q96IP4,0.0
Q9H1P3,0
P13051,0.16666666666666666
Q9Y2V7,1.5
Q15652,0.0
Q9BXC9,0
P20827,0
Q96NY9,0.2857142857142857
Q9Y375,1.1666666666666667
Q01955,0
Q7L591,0
P42685,0.0
P53041,0.3333333333333333
Q7Z412,1.0
Q96AJ9,0
P00750,0.0
O43734,0.4727272727272727
Q9BZW7,0
Q8NFD5,0.803030303030303
P40337,0.036133694670280034
P55017,1.0
P05129,0
O00548,0
P32927,0.13333333333333333
P09172,0
P08138,0.05454545454545454
P05067,0.019591836734693877
Q14990,0
P42680,0.6666666666666666
P25445,0.2
P51449,0
P16885,0.23809523809523808
P56693,0.0
O00482,0.0
Q9BZ72,0
P49768,0.07
P24385,0.17137096774193547
P49789,0
Q9Y6K1,0.18478260869565216
Q8IWL8,0
Q8IYU2,0.0
Q86UU1,0
Q63HR2,0.0
P50542,0.023809523809523808
Q92793,0.06156217882836588
Q96HP0,0
Q8TDN2,0
Q9UBX0,0.0
Q14232,1.3333333333333333
Q93052,0
Q13323,0.16666666666666666
Q9NR96,0
O60313,0
Q9Y2T4,0.4666666666666667
P15311,0.0380952380952381
P07949,0.21978021978021978
P50416,0
P14136,0.0
P13498,0
P07951,0.0
Q96A56,0.16666666666666666
Q9Y3M8,0
P16157,0.1
Q96L73,0.0
P56945,0.1723076923076923
Q9HAU4,0.11264367816091954
Q9H015,0
Q9HC29,0.06593406593406594
Q9P2R6,0.6666666666666666
Q9NRF2,0.8
Q96DT5,0
Q99684,0.06666666666666667
Q9NW38,0.4095238095238095
P29218,0
Q13489,0.15632183908045977
Q9UQB3,0
P52926,0.08333333333333333
P22223,1.3333333333333333
P98155,0.0
O43524,0.21637426900584794
Q6BDS2,0
P12259,0
O15018,0
Q9NZI5,0
P08758,0.0
Q99467,0
Q96P48,0
P05019,0.0
Q16698,0
O95343,1.0
Q70EK8,0
P51677,0
O14813,0
P22301,0
P02538,0
Q9BXL7,0.3055555555555556
P12643,1.0
Q52LJ0,3.0
Q14135,0.0
Q15700,0
Q7KZF4,0.14285714285714285
P35558,0
Q5S007,0.07560975609756097
O14958,0
Q13049,0.07114624505928854
O94907,0
Q9HCG8,0.0
P33176,0.3333333333333333
P08476,0
P16070,0.13333333333333333
P22694,0.2
O95271,0.047619047619047616
P02686,0.3
O75563,0
Q7Z698,0
Q13315,0.06386066763425254
Q99459,0.07283702213279677
Q9BRQ0,0.42857142857142855
Q9UI46,0
Q9H6U6,0.6666666666666666
Q9BXY4,0
Q15080,0.6666666666666666
P60484,0.0553306342780027
Q9Y2K2,1.0
P50539,0.0
Q2KJY2,0
P78337,0.0
Q04727,0.047619047619047616
P09327,0
P48382,0.6666666666666666
Q9UBN4,0.6666666666666666
P78504,0.0
O43399,0.0
Q8TDX5,0
P28065,0.6323529411764706
Q14289,0.1111111111111111
P30305,0.18681318681318682
Q03135,0.03908045977011494
O95997,0.17582417582417584
Q96J92,0.6666666666666666
Q7Z7H8,1.0
O60941,0.0
Q92466,0.2717391304347826
Q04864,0.3076923076923077
Q96CT2,0
Q02297,1.0
Q08345,0
P16410,0.0
P01730,0.1
Q92692,0
Q13882,0.6666666666666666
P55199,0.3055555555555556
P56199,0
Q9P0L2,0
P12272,0
P36894,0.14285714285714285
Q15911,0
Q969J3,0
P05783,0.10714285714285714
Q9ULV1,0
Q14331,0
P19544,0.06666666666666667
P16109,0
P42261,0.0
Q03014,0
P07359,0.3333333333333333
Q8WXH0,0.09523809523809523
P49675,0
Q14839,0.23674242424242425
Q9Y244,0.8833333333333333
P08603,0
P47756,1.3333333333333333
P56962,0
P50549,0.6666666666666666
P17813,0
P50993,0
P51826,0
O14639,0
P61163,0.8
Q16666,0.6666666666666666
Q8NI77,0
Q96A65,0.2777777777777778
P08243,0.5
Q8WX94,0
P42771,0.07993966817496229
Q68CZ2,0
O14795,0.0
Q96E09,0
P25963,0.12688172043010754
O15105,0.11095305832147938
O15230,0.0
Q96RQ3,0
Q9NPI8,0.8222222222222222
O43464,0.08187134502923976
P07320,0
Q92621,0
P48551,0.6666666666666666
O00217,0.4
P08697,0
O15315,2.0
P01138,0
Q86V42,0
Q9UBC2,0.0
Q13492,0.3333333333333333
P82933,0.3
Q9H2S9,0.6666666666666666
Q14315,0.0
Q9Y272,0
P50747,0
P56524,0.1254355400696864
Q9NZ71,0
Q05639,1.0
Q9UGJ0,1.5
Q8IZT6,0
Q9NZC7,0.09538461538461539
O94913,0
P23771,0.0
Q86XK2,0.6
Q92974,0.0
Q13422,0.24761904761904763
P12757,0.6071428571428571
P20839,0
P20265,0.0
O15118,0
Q8NEA6,0
P28062,0.9857142857142858
O95140,0
Q14449,0.0
Q9UHP3,0.13333333333333333
Q9UH73,0
P18564,0
Q9NZC9,0
Q52LR7,1.1
P68402,1.0
P51451,0
Q9UBU8,0.2881773399014778
P84022,0.0597778169634985
P05091,0
P22102,0.0
Q01344,0.0
P25789,0.6294871794871795
P24468,0.0
Q5SXM2,1.0
P13224,0.3333333333333333
P06733,0.08974358974358974
Q9P2A4,0.0
Q92835,0.26666666666666666
P49770,0.9
Q9UJU2,0.1794871794871795
Q9BYV9,0
Q53GQ0,0
Q9UNL2,0
P37108,0
Q15777,0
P49748,0
P51159,0.06666666666666667
P37088,0.5
P15151,0
Q9P0P0,0.0
Q99972,0
Q8TD31,0.0
O00220,1.1666666666666667
P01100,0.11596638655462185
P19793,0.1178743961352657
P22607,0.3
Q13322,0.19230769230769232
O75626,0.26666666666666666
P42772,0.0
Q00722,0
P15408,0.4
P48200,0.16666666666666666
P07741,0
Q04759,0.3611111111111111
P09237,0
Q5SW79,0.05714285714285714
Q9UL63,1.0
Q9BXS0,0
Q9NVR2,0.3333333333333333
Q9BXM7,0.09047619047619047
Q9UBC1,0
Q9NS73,0.2967032967032967
P48788,0
P35670,0.1
O14561,0.0
Q9NR50,0.7
Q15349,0
Q8TEW0,0.13333333333333333
Q9H251,0
Q12905,0.16666666666666666
Q9NZL3,0
Q6K0P9,0
Q96C92,0
P20700,0.2
Q02763,0.0
P06241,0.04784313725490196
P08100,0
P04070,0
Q01844,0.017543859649122806
P02511,0.05698005698005698
Q9UPN9,0.15384615384615385
Q5T2T1,0
P23528,0.1111111111111111
O95456,3.0
Q9UHQ4,0
P00441,0.047619047619047616
Q9NQS3,0.3333333333333333
P20823,0.39285714285714285
O43597,0.08888888888888889
Q13115,0
O75444,1.0
P32246,0
Q93100,0
O75676,0
Q86YP4,1.0222222222222221
O00471,0.8
P12830,0.12121212121212122
Q9UPR0,0
P24821,0
Q7L0Q8,0
Q99578,0
Q03060,2.0
Q53H47,0
Q86VP6,0.44166666666666665
Q96Q07,0
Q99466,0
Q96KN7,0.0
Q9BU64,0.3333333333333333
P50995,1.0
O95163,0.10714285714285714
Q8TB36,0
P23945,0
P11047,0
Q9Y2R2,1.0
Q8IYX3,0
Q9NZN9,0
Q9GZT4,0
Q01974,0.0
P10636,0.10420168067226891
P19367,0.0
Q9NP92,0.8333333333333334
Q9UDY2,0.3333333333333333
P49810,0.11428571428571428
P52952,0.2
Q14191,0.2736842105263158
Q15054,2.0
Q5U651,0
Q02388,0
P28482,0.04946727549467275
Q9HC16,0
P30044,0.6666666666666666
Q9H3Z4,0
P35228,0.05555555555555555
Q9H3S7,0.26666666666666666
Q99469,0
Q9UBB5,0.3742690058479532
Q03113,1.0
Q8NBM4,3.0
Q9Y5B0,0.42857142857142855
Q12899,0
O95503,0.9
Q9Y263,1.3333333333333333
P61587,0.0
Q96KN1,0
P20929,0.0
P11172,0
P41226,0
Q96HE7,0.0
P43307,0
O14976,0
Q96KC8,0
O60741,0
P46937,0.0907563025210084
O14983,0
P26440,0
Q9GZL7,0.3333333333333333
P26441,0
P51787,0.0
Q8TCU4,0.0
Q6ZTQ3,0
Q8IZD4,0.42857142857142855
Q9BV40,0.39285714285714285
P10747,0.16666666666666666
O43752,0.6666666666666666
P05787,0.2
Q04837,0.0
Q9NT62,0.25
P06737,0
Q14CX7,0
Q6ZMI0,0
Q14541,0
O75146,0.0
P51681,0.0
P01375,0.4945054945054945
Q9BXS6,0
O15027,0.1
Q5VV42,0
P23468,0
P37268,0
Q93063,0
P26196,0.1388888888888889
P22830,1.0
P23760,0.047619047619047616
Q6P2Q9,0.19327731092436976
Q9H467,0.07142857142857142
O43181,0.47619047619047616
Q13107,0.11904761904761904
P06858,0
Q12840,1.0
P40425,0
P06753,0.3333333333333333
P08514,0.0
P43405,0.11693548387096774
O95931,0.30303030303030304
Q13490,0.11304347826086956
Q17RB8,0
A1A4Y4,0
P23142,0.0
P31939,0
O00443,0
Q03519,0
Q9Y6E2,0
Q15047,0.0380952380952381
Q8WTX7,0.0
Q8TCU6,2.0
Q9Y4P1,0.0
Q96P31,0
O43933,0
P22415,0.10457516339869281
O43918,0.06666666666666667
Q15532,0.43137254901960786
Q9H1Y0,0.23809523809523808
Q9Y450,1.5
O00221,2.0
P35232,0.2087912087912088
Q9NRL3,0.9615384615384616
Q04695,0
P32780,0.2875816993464052
Q9UHR4,0.6666666666666666
Q02930,2.0
Q5T2D3,0
Q8WZ42,0.06666666666666667
Q99592,0
P48048,0.0
P02458,0.0
Q8N448,0
P78362,0.03918367346938775
O75844,0
Q12879,0.4666666666666667
Q969T4,0.005847953216374269
Q2KHR2,0
Q99490,0.0
Q9BYH8,0
P56545,0.03968253968253968
Q13362,0.5333333333333333
Q12778,0.34065934065934067
Q9UKV0,0.06666666666666667
Q02962,0
Q06495,0
P20594,0.0
Q9NXR7,0.7090909090909091
P62760,0
Q7Z4I7,0
Q8N490,0
O00255,0.10153846153846154
P98164,0.01098901098901099
Q03701,2.0
Q9BXM0,0
P29558,0
P05160,0
P49821,0.4642857142857143
P51114,3.0
Q9UM47,0
P55157,0
P51692,1.3333333333333333
P55058,0
P40692,0.10822510822510822
Q13562,0.1
Q07820,0.04411764705882353
Q8ND76,0
P24941,0.06143488323164317
O00555,0.0
P02647,0.1
Q13884,0
Q96I25,0.5
Q07001,0
Q9ULV5,0.07272727272727272
P42658,0
Q16611,0.2857142857142857
Q9NP85,0
Q96RL7,0
P54278,0.6666666666666666
O60663,0
P41180,0
P35442,0
P35398,0.2
Q9Y253,0.2
Q15475,0.0
Q92993,0.07420091324200913
Q99700,0.16666666666666666
Q14739,2.0
Q9UHF7,0
Q9UF56,0.16666666666666666
Q5TBB1,0
Q9NPD8,0.0
Q99665,0
P51531,0.22638146167557932
Q12882,0
P01185,0
O94906,0.24736842105263157
Q16566,0
Q9ULM6,2.0
P25800,0
P78314,0.4642857142857143
P25054,0.08333333333333333
Q14896,0
P32942,0
Q8NFJ9,0
Q9NQB0,0.09523809523809523
A0AVI4,0
P38936,0.09548022598870057
Q7Z7K6,0
Q15025,0.10256410256410256
Q16595,0
Q9UQ90,0
P30793,0.0
P37840,0.07308970099667775
Q8NEB9,0.2857142857142857
P14784,0.0
Q86XR8,0
Q9UHC6,0
O15020,0.0
Q9BXW9,0.1437908496732026
O94887,0
P21549,0
P49902,0
Q01726,0
P08631,0.15384615384615385
O43791,0.05128205128205128
P69905,0
P56589,0
P01241,0
P04264,0.3333333333333333
P15260,0.6666666666666666
P21580,0.18719211822660098
O14495,0
O15372,0.525
Q92879,0
Q9Y2I2,0
Q8N9N5,0.42857142857142855
Q13568,0.10606060606060606
P43246,0.1737891737891738
P02766,0.0
Q92766,1.0
P00748,0.0
Q9H0U4,0.5
Q15744,0.13636363636363635
P08700,0
Q92629,0
Q13118,0.0
P28360,0.0
P49773,0.4666666666666667
Q9BV73,0.0
Q9NSC2,0
Q9NRI5,0.015151515151515152
P07942,0
Q6UB99,0
Q99708,0.10457516339869281
Q9Y653,0
Q9GZX6,0
O60333,0
O94986,0.10714285714285714
P02768,0
P31350,0.0
Q06330,0.058823529411764705
P04114,0.1111111111111111
P08069,0.17543859649122806
Q04206,0.05912653975363942
P41219,0
P21953,0
Q5VT06,0.6
Q9NZ72,0
Q9UP83,1.5
Q01453,0
Q16637,0.1111111111111111
Q8TB24,0
P06396,0.047619047619047616
Q9UJX5,0.41106719367588934
Q9ULJ6,0.6
P53355,0.05454545454545454
Q15831,0.10909090909090909
Q96NE9,1.0
Q9Y2I1,0
P0C0L4,0
P17661,0.0
Q49AJ0,0
Q9Y5U5,3.0
Q13216,0.6593406593406593
Q7Z699,0
P12644,0
P51648,0
Q9Y6F6,0
Q9BT67,0.0
Q8WYP3,0
P05771,0.015151515151515152
Q9P2R7,0.0
P11245,0
Q13901,0.0
Q9UMD9,0.1
P38117,0
Q9Y4X4,0
P49257,0.3333333333333333
P11161,0
Q9BV36,0
P13647,0
P01137,0.05555555555555555
O95070,0
Q99689,0.008333333333333333
Q6N021,0
Q9NUX5,0.6666666666666666
O60285,0.3333333333333333
Q8IUC6,0.3888888888888889
Q9Y6B7,0
P39019,0.7490196078431373
P07858,0.0
P01019,0.0
Q15131,0
Q9BZR9,0.0
P61457,0.0
Q8NDB2,0
Q15561,0
Q9Y6Q6,1.3333333333333333
O75251,0.8333333333333334
Q14397,0
Q05925,0
Q99814,0.05714285714285714
P10415,0.05391120507399577
O60673,0
P27105,0
Q9NZJ5,0.0
Q13286,0.0
Q00534,0.28205128205128205
O75448,0.7489177489177489
O14544,0.4
P26358,0.20967741935483872
O60762,0.0
Q9UIF7,0.6
Q13435,0.19367588932806323
A2A288,0
O00628,0
P02461,0
Q86Y07,0
P01024,0.0
Q9BYX4,0
Q13887,0.18666666666666668
Q8N131,0
P06899,0
P11473,0.1319073083778966
P35625,0
P20138,0
P35548,0
Q9NWB1,0.3055555555555556
Q8NHV4,0.4
Q99593,0
Q9Y4K3,0.04982817869415808
Q12809,0.16666666666666666
P01911,0
P06127,0
O14732,0
P21964,0
Q8N2Q7,0
P15918,0.06666666666666667
Q96KM6,0
Q8IUC4,0
P42702,0
Q14106,0
Q9UMR5,0
P43694,0.03571428571428571
P02708,0
Q7Z7J5,0
P00747,0.0
Q15303,0.06666666666666667
P37231,0.09437386569872959
Q92743,0
P56539,0
Q86WV1,0.6666666666666666
P41279,0.42857142857142855
P40238,0
P02462,0
Q8NBV8,0
Q05655,0.05238095238095238
Q15583,0.5238095238095238
Q13233,0.13405797101449277
P05089,0
P42224,0.06342494714587738
P98095,0.0
O95819,0.0
P55283,0
Q9HCN4,0.6666666666666666
Q96A44,0
O75360,0
P09234,0.0
O60260,0.037849944008958566
Q13077,0.20689655172413793
Q08397,0
O00499,0.0
Q9HBW0,0.3333333333333333
Q13239,0.5
Q66PJ3,0.0
O14610,0
P22413,0
O60315,0.6666666666666666
P12109,0
P15090,0
P02771,0
Q86US8,0
P40424,0.0
Q15306,0.16666666666666666
O43474,0.4642857142857143
P37173,0.15833333333333333
P35579,0.0735930735930736
Q99728,0.05442176870748299
P35713,0
Q92610,0
Q12774,0
P55087,0
Q8N5U6,0
P11168,0
Q16655,0
P98161,0.0
Q676U5,0.07272727272727272
O95631,0
Q8IVH4,0
Q14749,0
Q8IYP9,0
P10909,0.030303030303030304
P24046,0
Q7Z5L9,0.0
Q9UIQ6,0
Q99929,0
Q04912,0.3333333333333333
P00797,0
P01903,0.0
P17643,0
O14530,0.0
Q8WWG9,0
Q05952,0
Q92878,0.2833333333333333
Q8NF91,0.0
Q96H20,0.1111111111111111
O95857,0
Q9UNH7,0.0
O15503,0.25
Q8IVM0,0
Q08499,0.08333333333333333
P10721,0.12280701754385964
A9QM74,0
P36405,0
P12694,0
P07225,0
Q08209,0.0
P18075,0
Q01543,0.0
O43687,0
P48764,0
Q92556,0.0
Q96PQ7,0
Q96B67,0.3
Q09161,0.2777777777777778
P51570,0
P49137,0.11666666666666667
Q9Y6A5,0.0
O95359,0.0
Q13148,0.10526315789473684
Q96B01,0.6666666666666666
Q96DA6,0
P46379,0.05303030303030303
Q14865,0
Q01860,0.02857142857142857
Q9GZZ1,0
P15502,0
P04150,0.10520487264673312
Q13702,0
Q8IZJ1,0
Q07020,0.7447065940713854
Q96HC4,0
Q9UBP0,0
Q14765,0
Q9BT88,0
Q9HAJ7,1.0
P30556,0
Q9UG01,0
Q96SW2,0.16666666666666666
P17181,0.06666666666666667
O60447,0.5
P04792,0.02823529411764706
Q9Y242,0
P12821,0.3333333333333333
P53567,1.0
O14519,0.6222222222222222
Q96JE7,0
Q13501,0.0422360248447205
Q9UKA9,0.0
Q14CS0,0.2
Q92625,0
Q99497,0.11231884057971014
Q8NFZ0,0.4666666666666667
P27986,0.09453551912568306
P50461,0
Q01831,0.10606060606060606
Q9NZW5,0
Q969H0,0.10121951219512196
P35354,0.21428571428571427
P15382,0
Q2KHR3,0
O15056,0.0
P99999,0.0
O75367,0.38095238095238093
Q30201,0
P06729,0.1
Q9H0B6,0.7
Q13761,0.3333333333333333
Q13485,0.08941176470588236
P52735,0.4
O15083,0.0
O96008,0.06666666666666667
P17693,0
P03372,0.030743525480367587
O15554,0
Q86Z02,0.3333333333333333
P61020,0.0
Q53T94,0.2222222222222222
Q92551,0
P05186,0
Q8WWZ3,3.0
O15524,0.06666666666666667
Q9UPQ3,0
P29597,0.13333333333333333
P46977,1.0
Q9Y520,0
P82932,0
P16615,0.0
Q99801,1.0
P05156,0
O95467,0.06666666666666667
Q86WB0,0.3333333333333333
O43184,0.0
Q92730,0.0
Q9H1E3,0
P46777,0.4972232506479082
O15269,0
O43914,0
Q2M2I8,0
Q9NNW7,0.0
P16435,0.0
P10070,0.0
Q8N157,1.0
Q969V6,0
P02656,0
Q9UI47,0
P80365,1.0
Q6UXN9,0.27450980392156865
Q14524,0.0
P40763,0.07365967365967366
Q92934,0.23809523809523808
Q8N8U2,0
Q04724,0.02
O43561,0.34615384615384615
Q99942,0.009523809523809525
Q8NDV7,0.18181818181818182
Q99519,0
Q9NPH3,1.0
Q8WXX7,0.8571428571428571
O95278,0.06666666666666667
Q9Y3D9,0.0
P51168,0.2
Q03112,0.39285714285714285
Q99574,0
Q8TEK3,0.14545454545454545
P51170,0.0
P61073,0.3333333333333333
O00506,0.5686274509803921
Q96RU8,0
P40189,0.3333333333333333
O95970,0
Q15051,0
P53708,0
Q9UI12,1.0
P11802,0.11375661375661375
P55327,0
Q9BZD4,1.0
Q9HD26,0.0
P23560,0
O00327,0.1111111111111111
Q8N9V2,0
O75037,0
Q92759,0.5454545454545454
Q5VTD9,0.0
Q99613,1.0
Q8TCT8,0
Q8IVB4,0
P43351,0.3333333333333333
O95407,0
Q9Y6M7,0
P02549,0.0
Q9H816,0
P78509,0
P42229,0.13725490196078433
Q9BYE7,0.32051282051282054
P68871,0.0
P11182,0
Q9Y6X3,0
Q13608,0
Q07687,0
Q9BVV2,0
P48023,0.07602339181286549
P20151,0
P10242,0.22857142857142856
P21912,0.16666666666666666
Q9H1H9,0
Q9Y6W6,0
Q16586,0
Q16520,0.0
P06213,0.13186813186813187
P35222,0.03771824603491936
Q92956,2.0
O15156,0
Q9P0J0,0.0
Q8NFF5,0
P38398,0.03422806701495226
P15313,0.14285714285714285
Q13444,0.07142857142857142
Q9UNN5,0.11857707509881422
P62877,0.09805194805194806
Q9BXL5,0.10714285714285714
O43186,0.0
Q9NS28,0
Q9NZC4,0
P15259,0
Q9P209,0.7333333333333333
Q9GZX7,0.3333333333333333
Q12805,0
P14778,1.0
Q9NP66,0.16666666666666666
O43196,1.0
P11215,0
Q5TD97,1.0
Q9H832,0
P00734,0
P07203,1.0
P05121,0
Q6FIF0,0
Q9Y4U1,0
Q96AQ6,0
Q96DT7,0
O75179,0
Q9P258,0
O43175,0.0
P48728,0
Q16186,0.7717391304347826
O00116,0
P10586,0.3333333333333333
Q9HAU5,0.5714285714285714
P12883,0
Q9NX02,0
Q96BY2,0.0
Q96G97,0
P21399,0
P63220,0.9743589743589743
O60500,0.0
Q14643,0.03636363636363636
Q9H3D4,0.2222222222222222
O60356,0
P16871,0
O60841,0
O14901,0
Q92990,0.25
P55210,0.17777777777777778
Q9C0D0,0
Q6RW13,0.0
P54727,0.2631578947368421
O15553,0.3333333333333333
P17735,0
P23229,0
Q9P0U3,0.0
Q92882,0
Q9UKT4,0.6060606060606061
P20701,0
O43143,0.11666666666666667
O75159,0
Q86V59,0
Q06418,0
O60237,0.0
P49757,0.10606060606060606
P02787,0
P15407,0.3333333333333333
P21709,0
P23025,0.21428571428571427
O76024,0
Q7Z465,0.0
O95622,0
P09430,0
P01042,0
P60174,0.5
P11686,0
Q8N1K5,0
Q96A00,0.0
O95994,0
Q8IWY9,0
Q02809,0
P55771,0
Q16671,0
Q96SL8,0
P36956,0.322463768115942
P14625,0.09523809523809523
P10321,0
P04080,0
Q7LC44,0
P62745,0.0
Q9HCE7,0.06765327695560254
P35408,0
P68032,0
Q96S59,0.02217741935483871
Q92858,0.0
O75369,0.4
Q96KP1,0.2777777777777778
Q15542,0.7818181818181819
P52803,0
Q16394,0
Q12857,0
P53805,0.0
P32245,0
Q92985,0.08571428571428572
P48634,0.0
Q92851,0.3611111111111111
P11166,0
P54132,0.1337126600284495
Q86U86,0.42857142857142855
P20807,0
P16473,0
Q9H4L7,0.32142857142857145
P05108,0
Q8N0Z3,0.7
Q96AH0,0
P21281,0.2222222222222222
O43566,0
Q13163,0.5
Q7Z5J4,0
P39905,0
Q6VMQ6,0.3333333333333333
P50897,0.0
Q9NQ66,0.0
P62166,0.0
O43623,0.6666666666666666
P08922,0
O15519,0.2857142857142857
P43699,0.3333333333333333
P35916,0
Q99962,0.13186813186813187
P35609,0.0
Q9UBY8,0
Q6ZW49,0.07096774193548387
Q13326,0
Q9NRR5,0.05228758169934641
Q9GZQ4,0
P04179,0
P41240,0.10989010989010989
Q96LR5,0.026143790849673203
Q8NBP7,0.1
Q6ISB3,0
Q07954,0.025
O60683,2.0
P16144,0.0
Q9UKW4,1.0
O43557,0.6666666666666666
Q9H0Z9,0
P01588,0
Q86TP1,0
P22888,0
P29353,0.08549019607843138
P52630,0.25
Q8IYD8,0.49166666666666664
P05408,0
Q9UDY8,0.5714285714285714
P43403,0.3161764705882353
O43318,0.07738095238095238
Q15788,0.1090146750524109
P01374,0.0
Q96AC1,0.0
P28715,0.5238095238095238
Q9Y243,0
P08709,0
P31323,0.2222222222222222
P81133,0
Q9BQ04,0
P13798,0
O75363,0
P10914,0.15384615384615385
Q9UBE0,1.0
Q9UHC1,2.0
P30279,0.4
P13569,0.07142857142857142
P32314,0
Q03426,0
O75381,0.6666666666666666
O15146,0
P11217,0
Q8TA86,0
Q15413,0
P57678,0.3333333333333333
O60645,0.7
Q02413,0
Q9NY33,0
Q86VZ6,0
P17706,0.3333333333333333
O75334,0.0
Q9H469,1.0
Q8IVS8,0
P18507,0
Q02094,0
O15078,0.17647058823529413
P26367,0.14285714285714285
Q9NYF0,0
P55008,0
P17302,0.0
P20941,0
P05386,0.8689458689458689
Q8N9I0,0
P49815,0.1341991341991342
Q5HYK3,0.6666666666666666
Q76N89,0.0
Q13617,0.09663120567375887
Q99732,0.0
Q6QNY0,3.0
Q9NZ45,0
P51688,0
P15941,0.225
O95292,0.04710144927536232
Q7L804,0.2
O94889,1.0
P15036,0.25
Q9BTV7,0
P09341,0
P19256,0
P01189,0
P21926,0.4
Q13950,0.1871345029239766
O00754,0
P20933,0
Q92481,0
P01579,0
P04062,0.0
P14598,0.10909090909090909
P04259,0
P25100,0.0
Q10586,0
Q9NQR1,0.2
P13804,0.3333333333333333
Q8TBR7,0
P00736,0
P32243,0
P43626,0
Q92947,0
Q06124,0.14962121212121213
Q92887,0
P62070,0.0
Q15262,1.0
O43395,0.17391304347826086
P04198,0.03571428571428571
P33076,0.06666666666666667
Q9H267,0
P46695,0.6666666666666666
Q16787,0
P57075,0.5
Q9UBC3,0.17028985507246377
P15924,0.03571428571428571
P24530,0
Q9H8E8,3.0
Q13207,0
Q04721,0.0
Q9UPQ9,0.10714285714285714
P11474,0.38095238095238093
P52824,0
Q9Y4I1,0.1
Q9BZL6,0
O00458,0
P13645,1.0
P12318,1.0
P49918,0.3333333333333333
P39086,0.0
P06681,0
Q9UIM3,0.2777777777777778
O76050,0
Q9Y5K6,0.17543859649122806
P26678,0.3333333333333333
Q9BTE1,2.0
O15409,0.16666666666666666
Q92968,1.0
P78560,1.0
Q9UH92,0.0
Q9BZW8,0
P08572,0
Q92574,0.2857142857142857
P11487,0
P41182,0.12
P15391,0.0
P28288,0
P38606,0.0
P48552,0.08300395256916997
P02545,0.015647226173541962
O15151,0.20261437908496732
P43004,0
O14828,0
O14836,0.3
P05106,0.06666666666666667
Q9UJQ4,0
P09467,0
P37023,0.0
Q8NEY1,0
Q96FV9,0.41818181818181815
P15692,0.01818181818181818
O00198,0
Q13795,0
P13929,0
P35236,0
P47712,0.05555555555555555
P35557,0
Q9P107,0
P68036,0.015126050420168067
P04637,0.02161431355679244
Q07021,0.01282051282051282
Q99523,0.3333333333333333
Q86UZ6,0
O00470,0
P07339,0
P51636,2.0
Q96NL6,0.027777777777777776
P50749,0.14285714285714285
O60266,0
P48436,0.16666666666666666
P36897,0.10080645161290322
P43489,0
O14593,0.3
O60566,0.18478260869565216
Q9Y6M1,0
Q9NR21,0
P28331,0.2878787878787879
P19320,0.2
O43293,0.3333333333333333
P63316,2.0
P35240,0.08571428571428572
O15245,0
O43586,0.0
P04844,0.2
P01031,0
Q9Y624,0.3333333333333333
Q15836,0.6
P16035,0
P23443,0.11666666666666667
Q9HC36,0
Q9NWQ8,0.0
Q9NYJ8,0.17
Q7Z589,0.5111111111111111
O43663,0.0
O00203,0.3333333333333333
P10828,0.225
P61328,0
Q12860,0
P61024,0.75
P20366,0.0
O15259,0.16666666666666666
Q92729,0
Q86SJ2,0
P10071,0.0
P33261,0
Q9HBI1,0
P13612,0.0
Q15915,0.0
P09874,0.06561859193438141
P07910,0.0935672514619883
Q9H257,0.3333333333333333
P19429,0.1
P46459,0.0
O15144,0.8333333333333334
Q03518,0.13333333333333333
Q92673,0.3333333333333333
Q9UHJ3,0
P11362,0.03296703296703297
Q6PIL6,0
P01106,0.036251105216622455
Q9BUQ8,0.6888888888888889
Q53QV2,0
Q7Z2E3,0.6666666666666666
Q99502,0
Q9Y3B7,0
Q01196,0.15
Q14134,0.022222222222222223
P18846,0
P02649,0.09523809523809523
Q00005,0.6666666666666666
P05062,0.0
Q9UBR4,0
P81877,0
Q9H171,0.16666666666666666
Q14019,0
Q7Z569,0.08888888888888889
Q9Y252,0
O43521,0.03296703296703297
O75364,0
P05362,0.0
P34949,0
