Gene_ID,Modularity
0347e-05
3195,-9.168107052900347e-05
10194,0.0010478258369496527
285596,0.0025017100171459182
3131,0.0033268396519070213
348,-9.165440254969974e-05
9377,-0.0004584053526450171
79175,-0.0007334485642320278
169966,0.00037983563582621874
160622,-0.0004584053526450171
8187,1.3111353710212252e-05
55092,-0.00017025078734780156
57403,0.0016373447266967238
7464,0.002488697068878152
7419,0.00019647349476821082
6648,-9.168107052900347e-05
149473,-0.00035361292840580574
56917,0.0002881545652972126
57534,-0.00301226556830449
29965,0.0005631977768842261
51003,-0.0002750432115870104
10224,0.00019647349476821141
23254,-0.0005238637157536117
5646,0.0004715167063552215
5413,-0.0004584053526450171
6049,0.003591207663241176
10112,-0.00039284858409399773
10370,0.00057630913059443
64101,0.000288154565297213
10120,-0.00011780537250698132
81617,-0.0001702507873478012
257068,0.00010479242423920675
57610,0.003169897029154222
11311,-0.009338259434805735
5584,0.0014015371707978973
51362,0.00013101513165961605
5519,-7.856971681879853e-05
10978,-0.0002750432115870104
2201,-0.0017419403400510737
6017,0.0002881545652972126
5146,-9.168107052900347e-05
23412,0.00056319777688423
4837,-9.168107052900347e-05
100293534,0.000668444352097379
727751,0.0010348128886818752
23569,-9.172473821277217e-05
4638,-0.0008245520117645495
84643,0.000589420484304625
430,0.0006685756453351081
55968,-9.168107052900347e-05
2920,-0.00018336214105800695
54834,-0.00015713943363759788
54546,-0.0005504187649397053
80022,-9.168107052900347e-05
2326,-5.2347009398386494e-05
56969,-6.54583631085972e-05
23564,0.0002881545652972111
51734,-0.0006155447862826065
181,-9.173177177907941e-05
4204,-9.168107052900347e-05
118472,-0.000825129634761031
84911,0.0004715167063552216
23654,6.555676855103009e-05
55258,-0.0002619318578768058
27101,-0.0010870614926378444
402,0.002161110037007899
9184,-0.0009168107052900342
3593,6.601001979349752e-05
57727,-9.168107052900347e-05
10133,-9.165909159390455e-05
8999,0.0005763091305944269
389840,0.0011395069074786554
729,0.00039294698953642196
55269,0.0004715167063552216
7978,-0.0005500864231740208
79778,-0.0008120182810508253
26224,-9.168107052900347e-05
80789,0.0001964734947682114
79033,-0.0003667242821160139
9950,-7.85697168187985e-05
3034,0.0021218743813197142
10763,0.0023969175929067273
3159,-0.0002750432115870104
667,-0.0002750432115870104
4610,0.0025409456728341133
80332,0.0010354136406115274
2595,-9.168107052900347e-05
23704,0.0001442248908122571
7062,-0.0013096592893840275
1936,0.001296744746558698
8216,0.0032875055907763493
4301,-0.0010084917758190343
7516,-9.168107052900347e-05
83988,-7.847131137636598e-05
389119,0.001270522039138278
2770,-0.0004584053526450171
9223,-9.167315872651906e-05
64785,-0.0002750432115870104
23438,-0.0003667242821160139
158345,0.0007596712716524362
140807,-0.000825129634761031
23478,-0.0002750432115870104
57530,-0.0007334485642320278
150771,-0.00018336214105800695
4353,-9.168107052900347e-05
120534,-0.000720337210521828
256957,-0.0003667242821160139
29945,-9.168107052900347e-05
3208,0.0005631977768842256
84128,0.00960078172533712
51710,0.00019647349476821141
6597,-9.143401747207274e-05
10272,0.00030159228968832806
477,-0.0004584053526450171
66036,0.001532453897015071
100294114,-0.0003667242821160139
2705,0.00044737701853857025
1512,-0.00098267830496191
5530,-0.0004584053526450171
1787,0.0009692561201308571
5509,-9.168107052900347e-05
9218,-0.0003667242821160139
401152,0.000537073474906243
51389,-0.00013091672621719133
1500,0.001427661472775865
54778,-0.0009036993515798274
3569,-0.0003668426843206307
9587,-0.0056577084490505095
55718,-0.0009036993515798286
6222,-9.168107052900347e-05
6915,-0.0011001728463480415
51058,-6.545836310859889e-05
143684,-0.0005893220788621923
9699,-9.168107052900347e-05
27040,-0.0003142788672751967
121642,-9.168107052900347e-05
1163,-0.0013227706430942196
117154,-9.168107052900347e-05
8412,-9.168107052900347e-05
124739,-9.168107052900347e-05
26007,0.00014422489081226074
11185,0.001414550119065666
50649,0.0007073242622540543
23682,0.006103691286082505
7298,-9.168107052900347e-05
2335,-0.0007334485642320278
388077,-0.0010870614926378388
54810,0.0003798356358262186
5810,-9.168107052900347e-05
26528,0.00019647349476821198
259240,0.00047151670635522144
55038,-0.0010084917758190343
5067,-0.0002750432115870104
126375,0.0003537113338482342
9806,0.00037983563582621874
8367,-0.0003927501786515679
9686,-0.0018205100568698738
6897,0.00030126591900742457
9557,-0.001257312279985617
7443,-0.00018343072024872502
388818,-0.0002750432115870104
221830,-0.0014668971284640556
643641,-0.00018336214105800695
11243,-9.168107052900347e-05
5639,0.0004060583432466329
79856,-0.0011918539168770486
6016,0.001060937190659866
9457,-9.168107052900347e-05
2734,-0.0002750432115870104
2328,-0.0002750432115870104
84316,0.0008906864033120613
55683,0.0004846280600654248
10097,-0.0002750432115870104
26133,0.005108212458531067
26085,0.0034972872501396173
7384,-0.0006286561399928066
1019,-9.168107052900347e-05
212,-9.170832655805525e-05
84908,-0.0005369750694638126
140850,-9.168107052900347e-05
23396,-7.856971681879859e-05
91894,-0.0002750432115870104
9925,-0.0006678917956809984
163154,-0.00044519559349238383
220,0.0002881545652972123
64395,1.3111353710211835e-05
128240,-9.168107052900347e-05
3765,0.00047151670635522144
25840,-0.0007334485642320278
127281,-9.173646082328425e-05
9554,0.000471516706355221
6123,-0.007242706166348822
56961,0.0019122895328413116
8559,3.933406113062606e-05
7507,0.002084575558831601
284217,-0.0018338382980667657
5358,-0.00017025078734780131
23192,-9.168107052900347e-05
915,0.0004715167063552215
9562,-0.0005500864231740208
221421,-9.168107052900347e-05
64651,-0.001715717632630646
79647,0.0018074971086020806
2957,-0.0022523974857671576
6241,-0.00018336214105800695
7529,-9.168107052900347e-05
27173,-9.168107052900347e-05
79652,-0.0009168107052900342
128553,-0.004623092371253526
57472,-0.0011787425631668408
4736,0.00037983563582621945
10190,-0.0002750432115870104
1890,0.0006679902011234476
84516,-0.0009953804221088304
6238,-0.0011001728463480415
55355,0.0009430334127104408
414157,0.0008253264456458952
23381,-9.168107052900347e-05
8663,-0.000536975069463818
55605,-0.00022259779674619183
8728,0.0008644636958916438
5019,0.0010478258369496522
720,-6.507924451883662e-05
7110,-9.168107052900347e-05
10956,-0.0004584053526450171
23116,0.00028815456529721203
3283,0.0001964734947682109
79836,-0.0002750432115870104
57135,0.0001441264853698165
51316,0.00037983563582621945
149371,0.00047151670635521987
55761,-0.0009036993515798286
55230,0.00047151670635522106
9217,0.00010510023680704788
1444,0.00020958484847841388
60592,-0.009259689717986939
3009,-0.0004585650780113001
51649,-0.00018336214105800695
22937,-7.856971681879966e-05
64207,-0.0006941145031014051
112755,0.00047151670635522106
1557,0.0004715167063552213
245812,0.000563197776884226
133619,-0.0004584053526450171
100529262,-0.0005500864231740208
65986,-0.0003667242821160139
23111,-0.0005503624964092474
2649,-0.00018336214105800695
2686,0.0008513523421814377
58499,0.002370694885486318
7306,0.00013133543913306745
1176,-0.0012704236336958303
47,-0.0002750432115870104
51171,0.0017289273917832886
1292,-0.00018346823260236367
10726,0.0001179037779494118
23467,-9.168107052900347e-05
7504,0.0005501848286164703
54901,-0.00018347761069077332
5217,0.0005631977768842263
1506,-0.0004452939989348135
84923,0.0011395069074786545
399511,0.0003143772727176263
57591,0.0003414984003935258
151254,0.001584899311855904
26060,0.000563197776884226
328,0.0027115900819516146
81494,0.00010487516268521509
5879,3.933406113062432e-05
8689,-0.0003667242821160139
4068,-9.168107052900347e-05
2195,0.0013359804022468908
26167,-0.0004584053526450171
3990,-0.0001834166531161105
25998,-0.00011780537250698477
22998,0.0012312863834500988
5890,-0.00155812484334489
5071,-0.0014869287406608527
60490,-0.00026193185787680645
5340,0.003326938057349388
387032,0.0009430334127104391
3146,-0.011053977067436398
5255,0.0011535236305648673
9785,0.0016765803823849028
3556,0.0010609371906598682
10474,-0.0024229434894422726
4069,0.0002885028227905442
83899,0.00047151670635522095
171392,0.0004715167063552215
10620,-0.0006024334325724092
10389,0.0058940080321614975
56953,-0.0005500864231740208
10111,0.0007887535037827778
56935,0.002711294865624359
6955,0.0008513523421814394
5576,0.0005631977768842289
4921,-0.0002750432115870104
51195,-0.0002750432115870104
130872,0.0006942129085438496
10400,-9.173411630118183e-05
7039,-9.168107052900347e-05
7180,0.0007596712716524378
11262,-0.00043242131204727365
25928,-0.0018990797736886539
22894,0.0004715167063552215
23786,-9.168107052900347e-05
253738,0.0020170819570805316
9723,-0.002095454863014447
4582,0.000851352342181437
23641,0.002423140300327139
1672,0.0007727826253626312
5531,-0.00018336214105800695
51504,-9.168107052900347e-05
51267,0.007230480461620518
221895,0.0007733195147825797
1457,0.0010478258369496516
4878,-0.0002617987160440407
9744,-0.00018336214105800695
55845,-0.0013751176524926293
23423,0.001519342543304876
891,-9.168107052900347e-05
7223,-9.168107052900347e-05
80818,-0.00018336214105800695
2117,-0.0014668971284640556
64794,0.0016372463212542885
131034,-0.0003667242821160139
10818,0.00037983563582621896
140612,0.003195824520247356
9403,-0.0006417674937030135
1001,-9.172239369066975e-05
55209,-9.168107052900347e-05
57185,0.0027506289267549846
145553,-0.0011001728463480415
5903,0.000799103738225489
155061,-0.00018342603120452018
1856,-0.0004584053526450171
8638,-0.00027520938246985266
2258,0.0007727826253626428
221692,-9.173411630118183e-05
5218,-0.0004584053526450171
55000,-0.0002488205041666001
1244,0.0004718491402435819
64210,0.0001310151316596158
4259,0.003038685086609744
8458,0.00019647349476821155
2199,-0.0003667242821160139
1420,-9.168107052900347e-05
80329,0.0012311879780076529
112942,-0.00017025078734780093
3090,0.0005631977768842292
134353,-9.168107052900347e-05
57817,0.0005767055467519793
144233,-0.0002225977967461911
9314,-0.000825129634761031
51366,0.001689593330652676
8862,-0.00018336214105800695
283820,0.0006025318380148517
84654,0.0014145501190656656
5900,0.00028815456529721116
140901,-0.0007334485642320278
54946,-0.0010084917758190343
9507,0.0002095848484784154
26249,0.0002226962021886183
147,0.0006686248802992591
471,0.004623485993023235
54997,-0.0002750432115870104
5824,9.4252133039178e-05
22843,-0.00018336214105800695
8601,-0.00018336214105800695
4056,-0.002292026763225081
11096,0.0003798356358262192
23404,-0.0006941145031014093
25763,1.3111353710214488e-05
85280,0.001322869048536669
11274,-0.0002750432115870104
6360,-0.0003272918155429713
92797,-0.0029598201534636608
8295,-0.0003667242821160139
7322,0.00011790377794941428
29890,-9.168107052900347e-05
10522,0.00048462806006542813
29078,-0.004832775625174352
5407,0.0006156431917250455
9802,-0.0006286561399928106
8464,0.0003798356358262198
55898,0.0005763091305944251
58986,-0.001637147915811854
2056,3.9334061130621046e-05
5511,0.0003012659190074211
51433,-0.0011787425631668408
3162,-0.0003667242821160139
10787,0.00024891890960903733
23603,-0.0002750432115870104
5867,0.001034714483239446
9764,0.0012311879780076585
57470,-0.000523863715753612
10516,-0.0002751671810720092
27243,-9.168107052900347e-05
9949,-9.168107052900347e-05
654483,-9.168107052900347e-05
57491,-9.168107052900347e-05
65980,-0.0013621047042248421
151050,0.001689691736095104
353132,0.00028815456529721474
8243,-0.00018336214105800695
8427,0.0002881545652972124
2729,-0.00017032015265202097
3115,-9.173177177907941e-05
7106,-0.00018336214105800695
5939,-9.168107052900347e-05
57799,-0.0003536129284058074
3466,-0.0002750432115870104
800,1.3111353710214669e-05
286301,0.001349091755957086
5178,0.0006942129085438547
4942,0.0014157724948525778
624,-9.168107052900347e-05
10550,-9.168107052900347e-05
286204,-0.002383707833754097
114984,0.00010479242423920697
1794,-9.168107052900347e-05
90121,-0.0003667242821160139
51052,1.3111353710211217e-05
81873,-0.0006417674937030135
10435,0.0005763091305944269
3351,-9.168107052900347e-05
4925,0.0059594663952700485
9849,-0.001794287349449443
1738,0.0003708377499831469
79036,-9.168107052900347e-05
3880,-9.168107052900347e-05
203523,-0.0005107523620434084
80823,-0.0002750432115870104
108,-0.00018336214105800695
146849,0.0009430334127104406
280,-9.168107052900347e-05
51582,0.00010479242423920697
8581,-0.0010084917758190343
4200,-9.168107052900347e-05
8394,-0.00011780537250698212
9296,-9.168107052900347e-05
1796,0.0007990053327830486
2013,-0.00017025078734780134
23426,-0.0003667242821160139
115572,1.3111353710211362e-05
8578,-0.00018336214105800695
80831,-0.0045316081116093575
7625,0.0016895933306526763
51373,-0.0007072258568116153
22915,0.0016766787878273266
9255,0.0003012659190074213
2023,0.00047151670635522117
64754,-0.0007989069273406208
2679,-0.0010870614926378449
51510,0.0005631977768842277
80152,-0.0003667242821160139
3802,-0.00044529399893481327
9123,-0.0006417674937030135
956,-9.168107052900347e-05
6407,-0.012507664436747896
283870,0.0007596712716524388
4188,-0.0002750432115870104
1008,0.000865198991454113
64764,-9.168107052900347e-05
8557,0.00040680271903418874
199920,1.3111353710211217e-05
3476,-0.001270423633695831
122481,-9.168107052900347e-05
54764,-0.0002750432115870104
134218,0.00019647349476821141
81855,-9.168107052900347e-05
56944,-0.0003405015746956037
486,1.3111353710211435e-05
51652,-9.168107052900347e-05
55700,-9.168107052900347e-05
4239,-0.001283534987406027
114885,0.0013359804022469043
10243,0.0010347144832394462
974,0.001322869048536669
100132285,0.000995478827551262
4762,0.0007336453751168851
10869,0.0003012659190074227
4793,0.00011790377794941601
54,-0.0037189993979039816
3817,-0.0002750432115870104
9641,0.0002881545652972116
91419,-0.00018336214105800695
10791,0.0012442993317178534
23480,0.0003798356358262184
1493,-9.170598203595285e-05
51660,0.00019647349476821141
483,1.3111353710213253e-05
286827,-0.00018336214105800695
1291,-9.172473821277217e-05
55020,0.001689691736095101
84968,0.0008123134973781227
51588,-0.0013620062987824185
2064,-0.0004584053526450171
6323,-0.0003667242821160139
51540,-0.000602433432572406
55856,9.177947597143883e-05
4882,-0.0016371479158118546
6938,0.0001964734947682113
2997,-9.168253681492868e-05
54469,-0.0006157019828814345
50856,0.0008513523421814366
10808,-0.00018336214105800695
83892,-0.0007334485642320278
112939,-0.001715717632630644
8022,0.0004851144462990443
25842,0.0018074971086020802
3614,-0.0010346160777970166
5155,0.00032864104118388563
6879,-0.00018336214105800695
1643,0.00019689531068289322
55296,0.004898627610052674
51306,0.0006679902011234469
1452,-0.00036632688945809945
5506,0.0004850933456001237
7355,0.004492766077690899
375484,0.0008906864033120631
1147,-0.0004584053526450171
7010,-0.0002750432115870104
1300,0.0005631977768842327
392197,0.0011263955537684626
387882,-0.00018336214105800695
27248,-0.000536975069463812
57148,0.0005631977768842314
1123,0.001611023613833886
1371,-9.173880534538665e-05
10484,0.0002881545652972151
219743,-0.0002750432115870104
9711,-0.0011787425631668398
55859,-0.0003667242821160139
2804,0.0006942129085438505
79137,3.9334061130624244e-05
4314,0.0006811015548336553
27044,-9.168107052900347e-05
9747,0.004047176862428764
126969,0.0013359804022468934
5653,-0.00018336214105800695
1490,-0.0021086646221670784
84265,-0.005186486959022583
26823,-0.007426068307406831
51258,0.004165277451263088
6635,0.0016242333729865044
6256,0.0003798356358262181
10783,-0.00018336214105800695
25957,0.0009561447664206501
58505,1.3111353710211835e-05
163732,0.0008513523421814387
137886,-9.168107052900347e-05
2822,0.001781372806624126
51450,-0.0007334485642320278
2146,-9.168107052900347e-05
4189,-0.0002750432115870104
26973,-0.001283534987406027
79188,0.0001966374132516277
26073,0.0032482699350881556
55795,0.001335980402246894
3939,0.000934596845685593
63967,-0.00017025078734780164
7203,0.0004715167063552216
728071,0.0004715167063552216
26233,0.001257410685428071
221545,0.00028815456529721284
8536,-0.0002750432115870104
4931,0.001309856100268888
23617,-0.00018336214105800695
7249,0.00022269620218861886
1992,-0.0006417674937030135
54840,-9.169660394754319e-05
9453,-0.0005892236734197706
162681,-9.168107052900347e-05
9500,-9.168107052900347e-05
283576,0.0005631977768842299
1496,0.00040605834324662675
5251,-7.86024480055568e-05
1896,-0.0003667242821160139
10845,-9.168107052900347e-05
79089,-9.168107052900347e-05
152815,0.00010479242423920787
84457,-0.0002750432115870104
56926,-0.001571591147260843
23207,0.00036682268755844463
8351,0.00030126591900742165
64425,-0.0013621047042248421
10549,0.0010347144832394469
2791,0.0007596712716524382
2519,-0.0006417674937030135
26108,1.3111353710212089e-05
79754,-0.0005500864231740208
55504,0.00114040134035766
57215,0.0007862876008425644
115207,0.0003798356358262184
7533,0.0002881545652972117
965,-0.00018346823260236367
23203,0.00048462806006542526
55219,0.000301265919007421
3964,-9.168107052900347e-05
115426,0.0029601153697909493
10531,0.0010347144832394484
35,0.0019015480963845198
8898,0.0004718397621551726
65084,-0.00018336214105800695
393,-0.0003667242821160139
10948,-0.000825129634761031
80778,0.0001047924242392069
53407,-7.856971681879859e-05
4009,-0.007412956953696643
266740,-0.0002750432115870104
6431,-0.0002750432115870104
23568,0.0002881545652972126
1208,0.0012311879780076568
51573,-7.856971681879879e-05
284297,-0.001283534987406027
7803,0.0004846280600654267
23019,0.0013359804022468951
80230,0.0005894204843046175
1192,0.000471516706355221
64333,0.0009561447664206494
80243,0.0004715167063552215
9545,-0.0002750432115870104
57505,-0.0008779063012492003
51056,0.003968607145609999
4342,-0.004623289182138377
9325,-0.00024882050416660025
60488,-9.168107052900347e-05
4160,-9.170129299174802e-05
83667,-0.00018336214105800695
90019,0.0009430334127104407
150726,0.004138857932957792
54499,-0.0002750432115870104
1476,-3.923565568818417e-05
57179,-0.0009168107052900342
9338,-9.168107052900347e-05
66037,-0.0002751531139393947
54741,-0.000825129634761031
26355,0.0003798356358262187
55739,-0.00018336214105800695
157310,0.0001047924242392077
3752,-0.0008120182810508255
80205,0.00260881538997576
6814,-0.0004584053526450171
7018,1.3111353710212089e-05
1082,0.016136655656644378
51330,-0.0002619318578768059
1499,-0.0007297278153323855
9994,0.0022790138149573064
81875,-0.005094805888493582
967,-0.0009168107052900342
54948,-0.0003667242821160139
4144,-0.0004584053526450171
63027,-9.173177177907941e-05
90589,-0.0005500864231740208
55613,-9.168107052900347e-05
50650,0.000288154565297215
5098,0.0013228690485366712
58497,0.0012311879780076529
677,-0.0004823361876076833
8313,0.0008520040210617236
293,-0.00035361292840580715
6374,-0.0004584053526450171
3996,0.00020958484847841466
25841,-0.001362104704224842
55191,0.001742038745493498
84832,0.0023706948854863275
3945,5.244541484081818e-05
4099,0.0010347144832394465
9454,0.0009561447664206565
6263,-0.012107552907024999
1629,0.0005768931085201695
7307,-0.0006417674937030135
59272,-0.00018336214105800695
7511,0.0007728810308050758
9108,-0.0002750432115870104
57599,0.005488048094357304
26610,-0.0010084917758190343
4654,0.000301265919007423
29781,-0.0005500864231740208
3552,0.0005631977768842323
2001,0.0011657296148990693
90488,-9.168107052900347e-05
973,0.00048462806006542656
25963,-0.0004584053526450171
9694,0.00239691759290673
23474,-0.007988970867963711
3659,0.000288154565297212
6207,0.00024891890960903305
64283,0.005396268618385866
1743,0.0018337198160224915
2887,0.00019647349476821098
3560,-0.00036668325681766655
10235,0.002265902461247126
55576,-0.0002750432115870104
5395,0.0017173788516735287
5502,-0.0022789154095148798
64375,0.00038020411578229286
5272,0.00022269620218861596
64895,-9.173411630118183e-05
1345,0.00028815456529721203
6965,-9.168107052900347e-05
3972,0.0005631977768842305
317762,-9.168107052900347e-05
2691,0.000379835635826219
27314,-9.168107052900347e-05
1534,3.933406113062519e-05
3441,0.000563197776884226
3980,0.00037983563582621966
10878,-0.00040595993780419797
55803,0.00030126591900742186
79723,-0.000825129634761031
91703,-0.005723265217601507
11092,-0.0002750432115870104
11051,0.0023575835317761074
4675,0.0005895188897470592
5834,-0.0007072258568116113
5700,3.933406113062272e-05
284273,0.000288154565297212
2898,-0.0002750432115870104
11104,0.0001047924242392066
3494,0.00013101513165961537
290,-9.168107052900347e-05
58533,-0.0003667242821160139
284615,-0.00018336214105800695
9,0.00040605834324662827
5075,0.0009561447664206505
51733,0.001231187978007655
84984,0.0017551500992036904
8404,-0.0013752160579350605
6517,0.0011410554620242305
26575,0.0009692561201308577
84171,-9.168107052900347e-05
5163,0.0007596712716524353
159686,-0.0018336214105800683
55558,0.0012837317982909106
50940,-0.0012572138745432172
598,-0.0003667242821160139
8352,-0.0010870614926378384
163786,-9.168107052900347e-05
6004,-0.004623289182138377
113263,-0.00018336214105800695
51253,-0.00017025078734780093
147040,0.00037983563582622026
9644,-0.005094805888493582
2829,-9.173411630118183e-05
128308,0.0007727826253626325
7544,-9.168107052900347e-05
1964,-9.168107052900347e-05
254879,-9.168107052900347e-05
200504,0.0005108507674858354
7162,-0.00018336214105800695
1813,-0.002357485126333681
5822,0.0002881545652972134
9737,-0.0002750432115870104
3047,-0.001204866865144809
138429,-0.0002750432115870104
890,0.0015062311895946677
79874,0.0009692561201308526
5993,1.3202003958705637e-05
873,-0.0013096592893840273
2239,0.00019647349476821133
2669,0.00040605834324662795
8139,-0.00018336214105800695
9878,-0.0007072258568116148
116442,-0.00091671229984761
10210,0.0015062311895946744
5706,-9.168107052900347e-05
5378,-0.0002750432115870104
9746,-9.168107052900347e-05
5016,-0.0005500864231740208
22865,0.00010479242423920798
25901,0.0017943857548918857
5913,0.007465697584864723
148,0.0009169091107324602
1958,-0.00018336214105800695
2773,-0.00018336214105800695
496,0.00043228105066703943
389015,-0.0004586823041164208
6258,-0.0006155447862826022
30001,0.00037983563582621874
7097,-0.00018336214105800695
54431,-0.0004584053526450171
733,0.0005763091305944295
9248,0.00020958484847841263
4351,0.002438823470418093
6403,-0.0014407744785527499
6711,-0.0012704236336958325
9099,-0.00018336214105800695
1363,-0.0006155447862826021
340706,-0.00018336214105800695
138046,-0.000890587997869626
51365,-0.004361258918819126
8775,0.0005631977768842261
9221,-0.0002750432115870104
57539,0.00047151670635522144
84272,-0.0006417674937030135
51714,-9.168107052900347e-05
11342,-0.008224975234747479
7737,-0.0014668971284640556
7919,4.6942021534559514e-05
5715,-9.168107052900347e-05
10632,0.00019647349476821082
22932,-0.0005762107251519851
2994,-9.168107052900347e-05
10482,-0.0004584053526450171
9235,-0.00099538042210883
116154,-0.003156293648231876
6993,-0.00018336214105800695
55037,0.001506231189594666
55069,0.0005631977768842267
5376,-0.0007206334140971233
3290,0.0011395069074786556
5522,0.00026203026331923275
8835,3.933406113062239e-05
8368,-0.005094805888493582
10256,0.001440772826486075
29093,-0.0006417674937030135
11315,-0.0053916271432601325
1068,0.002829100238131332
84445,0.0072299884344083545
51778,0.0022026175576439835
1050,-0.002204755761801407
5698,0.0014803036985015516
1759,0.0006942129085438539
5682,-0.0002750432115870104
3832,0.0001964734947682115
57578,0.0034317304815886284
11064,-0.0002619862778122338
5469,-9.168107052900347e-05
55742,0.0010350096995667452
81932,0.0012311879780076559
4086,-0.0003667242821160139
410,-9.172239369066975e-05
2018,0.0002881545652972139
26235,0.0022659024612471253
6936,-0.0019121911273988438
58529,0.000759671271652438
29904,-0.00018336214105800695
1290,0.0011395069074786538
6336,-0.0005500864231740208
59307,0.0010347144832394469
838,0.004400986601719457
158358,-9.168107052900347e-05
808,-0.00018336214105800695
9117,0.00047151670635521965
28,-0.0001834729216465685
347517,-0.000812018281050825
284276,0.00028815456529721127
125058,-0.0002750432115870104
6506,0.00047151670635522166
55848,0.00047151670635522166
200539,-0.0004584053526450171
56963,0.0001964734947682109
9315,-0.007766471476660061
8270,0.0003798356358262198
10989,-0.00041907129151439994
57642,0.0019777478959499013
4130,-0.005369849100080588
55922,0.0023185446869727604
84311,-0.0006417674937030135
2035,0.0011277854669245792
56479,0.0032876039962187586
7073,-0.004452939989348154
4698,-0.0008120182810508253
8453,-0.00036583922886079725
55740,-9.168107052900347e-05
6707,-0.0004584053526450171
169981,-0.00869649194110271
2941,-0.0006417674937030135
6634,1.3111353710211762e-05
196477,0.002475487309725521
6531,-0.010556336059103237
4312,-0.00015704102819516573
25949,-0.00045685357687653733
5565,0.0005370734749062494
8490,0.0005763091305944263
10765,-0.0002750432115870104
37,-0.0004453607295305014
9204,-0.001427464661891015
5727,0.00039294698953642256
10253,0.0005637708183129622
57561,-0.00018336214105800695
55146,-0.0004584053526450171
79792,-0.0004584053526450171
1677,-9.168107052900347e-05
2277,-0.0003536129284058072
5768,-0.0029075715495077057
1438,-0.00018336214105800695
6919,0.00028815456529721306
89970,0.0003929469895364229
140432,-0.001021504724086814
57670,0.0002881545652972136
6794,0.0011263955537684537
10361,-9.168107052900347e-05
5547,0.0003798356358262194
91107,-0.0002750432115870104
3250,-0.00527816802955161
112840,-0.0002750432115870104
64432,0.0026851705636463737
7566,-0.00018336214105800695
1869,0.0028160872898635478
26748,0.00010479242423920711
8815,-0.00018336214105800695
8348,-0.0015323554915726465
827,0.00010479242423920683
8851,-9.168107052900347e-05
10326,-0.00018336214105800695
126298,-9.168107052900347e-05
139793,0.00019647349476821144
9902,-0.0003667242821160139
9789,-0.006339006814768903
25836,-0.000825129634761031
23263,-0.0005238637157536116
100526767,0.0005763091305944268
5618,-0.00018336214105800695
3421,0.00028815456529721344
84919,3.943246657303001e-05
2217,-0.0006417674937030135
3689,-0.0003536129284058074
10249,0.00020958484847841263
54908,-9.168107052900347e-05
6404,-0.000825129634761031
84684,-0.00048452965462298856
64601,-0.00018336214105800695
501,0.0017158160380730907
353091,0.0012442993317178575
5753,0.0007727826253626428
57680,0.0002881545652972126
6103,0.0005684645515619866
729873,-0.0005500864231740208
6204,-0.005206864734457221
11213,0.00066799020112345
4116,-0.0005500864231740208
1033,-0.0004584053526450171
10652,1.3111353710211435e-05
146760,-9.168107052900347e-05
6362,0.0005763091305944299
79573,0.0006942129085438548
55062,-0.007255817520059079
4224,-0.000825129634761031
2332,-9.168107052900347e-05
2556,0.0009430334127104423
7542,0.0004715167063552214
923,1.3185592303988188e-05
8708,0.004021052560450816
23705,-0.0002750432115870104
2002,0.007295643608401753
262,0.00039294698953642256
4067,-0.00018336214105800695
9373,0.002947004016080752
376267,-9.168107052900347e-05
3251,0.00047194292112767803
157739,-0.00018336214105800695
944,0.0018470279806175572
91612,0.0001964734947682113
4673,0.0014145501190656656
23038,0.0017813728066241184
722,0.0019122895328413175
2260,0.006340309877736993
6678,0.00056319777688423
1537,-0.0009822690683986275
3257,1.3136357339837043e-05
5136,0.00020958484847841276
440,-0.00018336214105800695
333932,0.003156884080886439
404550,-9.168107052900347e-05
1398,0.0016241349675440778
2304,0.0007601831574427523
2152,-0.0007989069273406212
23224,-0.0004586354136743725
4222,-0.0003405015746956024
23567,-9.168107052900347e-05
9328,0.0008775750496018474
92104,-9.168107052900347e-05
197257,-0.00018336214105800695
135927,-0.0006417674937030135
590,0.0005631977768842274
55626,0.00305179644031996
9620,0.0007596712716524354
4331,0.0005631977768842301
84952,1.311135371021129e-05
9481,-9.168107052900347e-05
23360,2.6222707420411344e-05
123606,0.0014154911522002874
23512,-0.0020959418019841337
7134,0.0014419983190901925
57594,-0.0009822690683986284
10817,-0.00018336214105800695
7923,-0.0005500864231740208
84124,-9.168107052900347e-05
25861,0.00047151670635522166
283450,-0.0002752164160361599
23518,0.0005631977768842261
53632,0.0013228690485366673
23305,-0.0002752164160361599
50484,-9.172473821277217e-05
55252,-0.00018336214105800695
197335,0.0032220472276678134
140767,-0.0006417674937030135
2280,-7.856971681879879e-05
5081,-9.172473821277217e-05
8301,-0.0006420567558346773
3747,-9.168107052900347e-05
11189,-7.856971681879894e-05
57143,0.001558676604435496
10438,-9.168107052900347e-05
2806,-9.168107052900347e-05
80067,0.0008775750496018423
10509,-0.001728828986340858
5000,0.007020501991372354
1641,-0.0011656312094566398
2274,-7.856971681879868e-05
2986,0.0007596712716524366
55182,0.00048462806006542705
8463,0.0019122895328413036
5232,-0.0003667242821160139
91647,0.0007596712716524362
162333,-0.0003667242821160139
26259,-0.0059722825326530265
1489,-9.168107052900347e-05
51202,0.0007073242622540675
55100,0.0007596712716524385
51678,0.004427012498255001
6905,-9.168107052900347e-05
286,0.0005636043572436881
29958,-7.856971681879916e-05
7748,-0.00018336214105800695
8727,-7.856971681879863e-05
26260,0.0017420387454935044
10773,-0.00011780537250698152
4512,0.002084849867917584
1039,-0.0010739501389276235
6902,-9.168107052900347e-05
2982,-0.0010870614926378384
113829,-0.0004452939989348133
353145,0.0002885215789673632
23677,0.00010479242423920809
563,0.006274138884314986
1268,-0.0002750432115870104
3066,-9.168107052900347e-05
26207,0.0013228690485366686
51292,0.0003537113338482342
80184,-0.0010089721203404894
8363,0.000864463695891643
3155,-0.0004321826452246106
81876,-0.00035361292840580547
54700,-0.00018336214105800695
6356,0.0015324538970150625
54970,0.0012442993317178662
84433,0.0005631977768842335
963,-9.168107052900347e-05
91942,-0.0019121911273988434
5368,0.003143477510848943
11170,0.00028860598176304726
3486,-0.00018336214105800695
277,-0.00018336214105800695
55014,-0.0014144517136232295
203562,-9.168107052900347e-05
5422,0.0026982819173565695
148156,-0.0004584053526450171
8664,0.00047151670635521976
57134,-0.00017025078734780088
9857,0.0005631977768842295
6550,-0.00018344009833713468
1582,-0.0011001728463480415
81930,-0.0005369750694638129
23295,-0.0006417674937030135
25793,-0.00018342134216031534
56913,-0.0002750432115870104
29970,-0.0003667242821160139
7582,-0.00018336214105800695
7941,0.0002883809076412152
2535,0.0026326267433631227
83983,-0.0003667242821160139
23598,0.00019647349476821076
10586,-9.168107052900347e-05
9175,0.0007596712716524382
10195,-9.173880534538665e-05
23580,-0.002737320762159904
114757,0.0011263955537684546
10617,0.0003798356358262189
3807,0.001218175029739886
9899,-0.0062993775373111
23542,-0.0002619318578768054
6202,0.0010347144832394465
2005,-0.000628656139992814
3078,-7.856493565191779e-05
9913,0.0015193425433048752
1995,0.0007596712716524379
9472,-0.0011787425631668408
55506,-9.168107052900347e-05
26999,0.012809914410179616
1486,-0.0005500864231740208
5595,0.0025018084225883583
147660,-9.168107052900347e-05
6595,0.0009954788275512603
93323,0.00019647349476821076
1874,-0.0018336214105800683
4622,0.0002095848484784151
23433,-0.00018336214105800695
25816,0.00010479242423920809
6060,-0.0037589238916891066
716,0.00047151670635522085
84078,0.0001964734947682109
84896,0.0034578547835665673
159,-9.168107052900347e-05
1999,-0.00033869904100324163
54806,-0.0008256492481084796
160851,0.006483526921908556
22906,0.00030126591900742235
5583,-0.00036588611930284554
23214,0.0003798356358262186
9859,0.0014276614727758634
51402,-9.168107052900347e-05
30827,-0.010517001997972536
135154,0.0021758900056764677
27339,-9.168107052900347e-05
4715,-0.00018336214105800695
166785,-0.0007203372105218282
29953,-0.0007334485642320278
29903,-6.545836310859676e-05
10905,0.00028815456529721273
63922,-7.856971681879916e-05
1893,2.6222707420422433e-05
79657,0.0007728810308050781
23176,-0.007294954770304833
6748,0.0006679902011234494
728937,-9.168107052900347e-05
5082,0.0015062311895946729
28513,-9.168107052900347e-05
427,0.000668509998716243
57549,0.000851352342181435
5307,0.0005768180838128947
9901,-0.00018336214105800695
9961,0.0005631977768842262
154790,0.000563197776884226
81579,0.0004849667414065926
58486,0.001362203109667308
10069,0.00028815456529721474
2263,-9.167550324862145e-05
3266,0.00036682268755844404
1112,0.00028815456529721235
7283,-9.168107052900347e-05
9735,0.0009693545255732803
9683,-0.00018336214105800695
30011,-0.00018336214105800695
25827,0.00047151670635521965
23173,0.00019647349476821141
29767,0.0005763091305944268
338412,0.0003798356358262188
55212,0.00019669602630418745
139324,-0.00018336214105800695
9502,0.003078019147740369
55861,0.00013101513165961786
54539,-0.001270423633695831
316,-9.168107052900347e-05
4168,-0.00018336214105800695
116369,-9.168107052900347e-05
25975,-9.168107052900347e-05
84290,0.0005763091305944299
24,0.0006684443520973763
5553,0.0002881545652972145
23473,0.00020958484847841436
129563,0.006038134517531318
9516,2.6633771083450177e-05
23054,0.00020958484847841596
830,-0.0026194169842104855
79738,-9.171301560226009e-05
81628,-0.0002750432115870104
55765,0.0005635691894121536
129080,-9.168107052900347e-05
126669,0.0002621286687616574
25923,-0.0002619318578768061
4005,-9.168107052900347e-05
81853,0.0003798356358262187
22928,-9.168107052900347e-05
26471,-0.00018346823260236367
6330,-0.0002752164160361599
366,-0.0006155447862826076
22848,-0.0005499880177315694
122786,0.0003929469895364231
55165,-0.00018336214105800695
23533,0.0023969175929067278
221154,0.0013490917559570857
55914,0.00030126591900742186
780,-0.00027507574471001507
8870,-0.00018343072024872502
2949,-0.0002750432115870104
7318,-0.002187234338985869
80727,-0.0003667242821160139
9150,0.0005631977768842259
56342,-0.0014537857747538498
54600,2.6222707420422104e-05
1876,0.000379835635826219
2314,-9.168107052900347e-05
730,-0.0017417435291662013
100288160,-9.168107052900347e-05
10454,0.0003929469895364224
54596,-0.0002750432115870104
9371,0.002737419167602309
8911,-0.0005500864231740208
1877,0.0006679902011234428
10747,-0.00018336214105800695
7629,0.00035371133384823637
56160,-0.0020824419147466755
51497,-0.0007334485642320278
7541,0.00030126591900742983
148223,-0.0003667242821160139
3778,-9.171536012436251e-05
8809,0.00011810295638703943
6398,-0.00018336214105800695
5047,-0.0002619318578768057
84251,-0.0004584053526450171
79090,0.000576309130594426
116113,0.005907316196756553
5972,0.0001314761104592132
5599,0.0011395069074786554
597,-9.168107052900347e-05
4799,-0.00018336214105800695
80323,-0.0002750432115870104
5007,-0.0002750432115870104
150864,-0.0004976410083332035
3061,-0.00018336214105800695
50855,-0.00018336214105800695
55132,-0.0011656312094566422
201456,-0.0020050493691177026
5142,-0.00026193185787680597
29844,0.0005631977768842321
6843,0.0002881545652972126
91851,-9.168107052900347e-05
83478,0.00038011267942029904
87171,-9.168107052900347e-05
23170,-9.168107052900347e-05
4498,-0.0006417674937030135
28793,-0.00018336214105800695
6566,0.0003274886264278295
8731,-9.168107052900347e-05
57559,-0.0003667242821160139
54517,-0.0013752160579350605
8787,1.3111353710216014e-05
51569,-0.0002750432115870104
23209,-9.172473821277217e-05
11122,-0.0005500864231740208
9914,-0.0002750432115870104
10495,-9.168107052900347e-05
65987,-0.006679606794907043
23491,-0.0014668971284640556
10283,0.0026981835119141637
114971,-9.168107052900347e-05
3708,0.0025433985342741775
55657,-0.00018336214105800695
2548,-0.0007592453486017811
83931,-0.00017025078734780159
539,0.00247548730972552
2257,-0.000628656139992799
640,-0.006301742489152318
6817,0.0001047924242392069
11338,-0.0002750432115870104
10927,-0.00018336214105800695
80006,-0.0003667242821160139
285855,-0.002553958621101881
50818,-0.0035491422323258534
7913,-9.165909159390455e-05
6606,-9.138243798581962e-05
6369,-0.0009952820166664086
482,0.0004715167063552197
148581,-0.0005630993714417887
64092,-0.0001309167262171913
4678,0.0002881545652972135
273,0.0032351585813779637
8556,5.2445414840825743e-05
30,0.00010479242423920683
6275,0.0007727826253626377
434,0.001113382605500674
58155,-0.0009298236535578102
9463,0.0003274886264278269
11124,0.0009430334127104404
7168,-9.168253681492868e-05
5872,-7.85697168187989e-05
83594,0.00011790377794941275
23287,0.000471516706355221
5306,-0.00018336214105800695
51427,-0.00127042363369583
256933,-0.0002750432115870104
1635,0.00010479242423920813
4947,-0.00018336214105800695
9700,2.6222707420425886e-05
149461,0.0010347144832394478
10982,0.0012443977371602796
1258,-0.0002750432115870104
6197,-0.0015585781989930537
122622,-0.0007989069273406245
159163,-9.168107052900347e-05
26512,0.0005763091305944297
9122,-0.0002750432115870104
220136,-9.168107052900347e-05
54677,-0.000825129634761031
353355,0.0003798356358262184
100131997,0.004309305531190456
5756,-0.0002750432115870104
5663,-0.0008409449103046413
5453,0.0051343367605090635
284001,0.004099720682712069
2189,0.0012743462325907177
1933,-9.168107052900347e-05
7086,-0.0073865374353912945
8403,-0.00117874256316684
5966,-0.0002216839428717238
7568,0.0021742213907181055
7222,-9.168107052900347e-05
1231,0.0016895933306526846
92960,0.0006811015548336632
126374,0.0023052365223777175
3761,0.001152618261188853
8805,-9.168107052900347e-05
1351,-0.000144028079927393
117584,-9.168107052900347e-05
2893,0.00028815456529721474
9535,-0.0002750432115870104
3060,0.0011263955537684496
7940,-0.0009827369180144716
10463,0.0004453924043772405
3364,-0.0002750432115870104
51386,0.00019647349476821068
27284,-0.0003667242821160139
10434,0.00011790377794940773
93611,0.0002881545652972143
54822,0.0020192571730583827
8419,-0.0005238637157536117
3827,-0.0003797372303837889
8417,-0.0002750432115870104
79948,-0.0014668971284640556
27254,-9.168107052900347e-05
5423,-0.0004584053526450171
339745,0.000759671271652437
100294277,-0.0007726842199202102
7270,-0.001571591147260843
51324,-0.00036661761019879895
8356,0.00047151670635522117
7850,-9.173177177907941e-05
9201,-0.0002750432115870104
140851,-0.0002488205041666022
84680,0.0035233131466751613
4232,-0.0002750432115870104
6285,-9.168107052900347e-05
55323,0.00047183976215517225
3149,0.001034714483239448
56142,0.0004977394137756325
100291837,0.0005631977768842263
1154,-0.0002750432115870104
3355,0.000576309130594427
51399,0.0005763091305944294
5550,-0.00018336214105800695
9455,-0.0005369750694638116
54443,0.0006679902011234463
8434,-0.0006417674937030135
3375,-0.0002750432115870104
57162,-9.168107052900347e-05
7130,-0.006627161380066261
51430,-9.168107052900347e-05
55226,-0.002409832135732058
9576,0.00047151670635522166
158078,-0.0009168107052900342
23131,0.0024755857151679485
10486,0.00047151670635521987
4137,-0.0001831399995080256
407008,0.0015455652507252826
345651,-9.168107052900347e-05
54760,0.002305236522377714
83442,-0.00018336214105800695
9341,0.0038901358342335922
132204,-0.00015713943363759758
580,0.0010347144832394467
5303,-9.168107052900347e-05
3141,0.0005767430591056167
11163,-0.0002750432115870104
51107,-0.0002750432115870104
22845,-0.008712940455637514
2191,-0.00018336214105800695
6203,0.0006679902011234471
11020,0.00037983563582621945
51669,-9.168107052900347e-05
55769,0.0004715167063552217
79726,0.00013101513165961575
3955,0.00037983563582621874
51053,-0.0002750432115870104
7288,-9.168107052900347e-05
5100,0.0010347144832394475
100137047,0.00048462806006542716
3118,-9.173411630118183e-05
65990,-9.168107052900347e-05
201798,0.0009430334127104404
80169,0.00047151670635522144
83464,0.0033270364627918125
221016,-0.000353612928405807
2771,-5.22486039559617e-05
3298,0.000563197776884225
8161,-0.0002750432115870104
353116,-9.168107052900347e-05
252983,-9.168107052900347e-05
79979,0.0003798356358262185
55825,0.000563197776884226
23248,-0.0032740006152964184
1745,-9.168107052900347e-05
11331,-0.0002750432115870104
6013,0.0025540570265443394
51451,0.0003014627298922727
9943,-9.168107052900347e-05
3688,0.0006679902011234461
29785,-9.168107052900347e-05
7444,-0.0011001728463480415
152573,-0.0003667242821160139
23035,-0.00018336214105800695
346288,-0.0006417674937030135
112597,-0.006823438063949578
29998,-6.545836310859814e-05
6143,1.3111353710211835e-05
1491,0.0009430334127104408
10953,0.0006679902011234457
55125,-0.0012441025208329974
64978,-0.0003667242821160139
8350,0.0013753144633774927
22936,0.00047151670635521965
4656,-9.168107052900347e-05
84299,0.0005108507674858319
118426,-9.168107052900347e-05
9139,0.0024754873097255236
653489,0.0005631977768842261
10580,-9.168107052900347e-05
133418,-0.001348993350514633
64648,-0.0019121911273988262
2896,-9.167315872651903e-05
55257,-0.00018336214105800695
8993,-0.0007203372105218267
159090,0.000563197776884225
5877,0.0002881545652972117
4504,0.00044539240437724097
6779,-0.0006155447862826042
84172,-0.00018336214105800695
23647,-0.00018336214105800695
283373,-0.001650259269522062
1265,-9.168107052900347e-05
9183,-0.0004584053526450171
53369,-0.0002619318578768063
6729,-0.007242706166348822
23581,0.0003929469895364237
79002,0.0014801068876167012
3382,-0.00018336214105800695
11193,-0.00018336214105800695
9766,-9.168107052900347e-05
57622,-0.0015585781989930537
160777,0.00047151670635522085
3225,0.0015062311895946703
6346,-0.000733891686586274
54221,0.0005631977768842263
8608,0.000982367473841061
378884,-9.168107052900347e-05
10456,-2.612430197797965e-05
10290,-0.0005369750694638128
4004,-0.00047102467914308667
117143,-0.0019253024811090598
5597,0.0005631977768842271
79020,-0.0002619318578768065
203069,-0.0009168107052900342
1749,1.3111353710212089e-05
9320,-9.168107052900347e-05
7023,-9.168107052900347e-05
158931,0.0005894204843046203
117155,0.003628105570914371
1942,0.001597912260123696
602,0.0008523674219875975
2251,-0.007006898610450058
344148,0.0012574106854280735
5976,-0.00018336214105800695
5495,-7.856971681879874e-05
10512,0.0009568229152164868
1446,-6.545836310859709e-05
7294,-9.168107052900347e-05
1409,1.3111353710214925e-05
84539,-0.00018336214105800695
8545,-7.856971681879916e-05
55915,0.0016895933306526796
9367,0.0001572378390800246
10877,-0.00036693646520472733
1788,-0.0002476284244570422
5737,-0.0005500864231740208
55738,-0.001362104704224841
8468,-0.0002750432115870104
332,-0.0003536129284058072
146722,0.001925400886551507
112483,-0.000825129634761031
9131,0.0002886153598514596
23352,0.0013490917559570803
51400,0.0007204356159642602
5311,0.0001964734947682115
3304,0.00028867162838191795
8325,0.0010347144832394469
129531,-9.168107052900347e-05
1571,-0.00018336214105800695
26504,0.0021873327444282926
84330,-9.168107052900347e-05
56998,0.00010479242423920711
22989,-0.00015713943363759771
10220,-0.0002750432115870104
11117,0.00039294698953642256
94086,-0.0003667242821160139
9169,-9.168107052900347e-05
128439,-0.0012704236336958325
57679,0.0006029782614316413
7091,-0.0006417674937030135
51429,0.00019647349476821082
57333,-9.168107052900347e-05
80019,-9.168107052900347e-05
84107,0.00018346054650043508
11138,0.001322869048536667
5465,-0.0002750432115870104
6657,-0.0017163003715064
54102,-9.168107052900347e-05
2977,-0.0002750432115870104
81543,0.000471516706355221
7481,0.00047151670635522117
53904,-0.002069232155594031
10390,0.007426658740061439
7874,-0.0002750432115870104
5579,0.0004715167063552215
8292,-0.001348894945072224
92806,-0.002331164013470835
8883,0.0011263955537684574
7323,-0.00018336214105800695
6656,-9.168107052900347e-05
55204,-9.168107052900347e-05
4440,0.0005631977768842301
91050,-0.0002750432115870104
199746,0.002082540320189083
2014,0.00047151670635522117
2153,-0.0001700880449638818
84864,0.0020301933107907196
51514,0.0003798356358262187
9551,-9.168107052900347e-05
56905,-0.00018336214105800695
54852,-9.168107052900347e-05
283160,-9.168107052900347e-05
66005,-0.0014274646618910156
64102,0.0004846280600654267
356,-0.0002746115293337369
78986,0.0004715167063552217
29066,-9.168107052900347e-05
55199,0.0008513523421814374
23189,0.0010478258369496503
5351,0.0002881545652972136
6546,-0.0004584053526450171
23108,-0.00099538042210883
3234,-0.0006417674937030135
26958,-9.168107052900347e-05
2193,0.0007990053327830474
79140,-9.168107052900347e-05
6548,-0.00018336214105800695
23017,-0.001951426783087053
439935,-9.168107052900347e-05
5720,0.0006025318380148424
6320,0.0006025318380148435
9882,0.0003012659190074216
3481,-0.00033979627734717204
3156,-9.168107052900347e-05
91754,0.0034709661372767683
79098,-0.0006286561399927995
28996,-0.00018336214105800695
255877,-9.168107052900347e-05
10622,0.0010347144832394465
63946,0.003510201792964952
64779,-0.00018336214105800695
6271,0.0005631977768842263
7767,-9.168107052900347e-05
55013,-0.0003667242821160139
678,-0.0013629457228409615
5546,0.0022674904842178317
1967,0.00037983563582622026
11234,-9.171536012436251e-05
6846,-0.00035361292840580715
54407,0.003483979085544556
887,-0.0011656312094566444
1757,0.000510850767485832
27342,0.00010479242423920813
5783,0.0004715167063552197
9600,0.00030126591900742186
8190,-0.00017025078734780167
1032,0.0028030743415957938
10769,-0.0003405015746956022
1025,0.0005763091305944259
863,0.0005631977768842284
23304,-0.0002750432115870104
3046,0.00085135234218144
261734,-0.00017025078734780123
27242,0.000104792424239207
55127,-0.000825129634761031
4135,0.000943033412710441
84305,0.00043228105066703786
2295,-0.00527816802955161
1756,-0.00015607952540195368
51264,-0.00018336214105800695
1950,-7.856971681879909e-05
51300,-0.0010091010690561222
57674,-0.00023541346430346527
2740,-0.0003667242821160139
9883,-0.0007334485642320278
9168,0.0010347144832394478
2520,-0.00018336214105800695
651,0.0012311879780076529
135250,-9.168107052900347e-05
51285,0.003051796440319957
116988,0.00048462806006542737
51,0.0010492392874494668
4629,0.0026102713382013688
10460,-9.168107052900347e-05
5971,0.0004715167063552213
131408,-0.0007334485642320278
26137,0.009993827120315966
64006,-6.54583631085983e-05
801,0.0015062311895946729
3576,0.0006679902011234508
3145,-0.0002751882817709309
4012,-0.00018336214105800695
54769,0.004243650357197002
55627,-9.168107052900347e-05
55655,1.3111353710211997e-05
90011,0.0004715167063552202
51637,-0.0002750432115870104
9567,-9.168107052900347e-05
54187,0.000353711333848238
286151,-0.0002750432115870104
219,0.0006942129085438548
147372,0.00150623118959467
4082,2.632111286283387e-05
6289,0.0011395069074786502
331,0.0002226962021886196
11261,0.00037983563582621836
4868,0.0015455652507252843
8424,0.0003798356358262198
1284,0.0003802674178790582
10159,0.0006942129085438487
2030,-0.0009691577146884243
9414,-0.0002750432115870104
111,-0.00018336214105800695
415116,-0.0003536129284058057
51126,0.00019647349476821076
2569,0.0004846280600654268
5210,0.00037983563582621874
27071,0.0003798356358262187
4796,-9.168107052900347e-05
25803,-0.0003667242821160139
29923,-9.168107052900347e-05
57649,-0.0006941145031014117
5229,0.0005894204843046223
137209,-9.168107052900347e-05
56957,-9.168107052900347e-05
58498,-0.0011262971483260217
255043,-0.002449166196862663
1857,0.0032482699350881547
26019,-0.00018336214105800695
5984,0.00028815456529721533
9997,-0.0004586823041164208
50616,0.000759671271652438
84067,0.0011263955537684522
57113,-0.0008512539367390037
148423,-0.0003667242821160139
10001,-0.0010084917758190343
55273,-9.168107052900347e-05
29089,-9.168107052900347e-05
7258,0.000471516706355221
114904,0.0005767055467519774
284992,-9.168107052900347e-05
2530,-0.0014406744210436534
80305,-0.00030116751356499356
3000,-0.0002750432115870104
8189,0.0012837317982909093
3589,0.00037983563582621955
2688,-0.00027461856290004414
946,-0.00015713943363759744
1413,0.0007204356159642638
5926,-0.0005500864231740208
975,-0.0017419403400510737
2912,-0.0002750432115870104
151871,-9.168107052900347e-05
64699,-0.00024882050416660155
8735,-9.168107052900347e-05
8703,0.0005631977768842296
113178,-0.00018336214105800695
23348,-0.00017025078734780102
56301,0.000563571533934258
51550,-9.168107052900347e-05
29126,-0.0003667242821160139
27069,-0.0002750432115870104
54785,0.002266000866689527
9022,-9.168107052900347e-05
81565,-0.00018336214105800695
9496,0.0009692561201308537
8605,0.0012311879780076535
9013,0.00028815456529721127
6342,0.000379835635826219
22911,-0.00018336214105800695
1663,-0.0005500864231740208
1620,-0.0002750432115870104
80149,-9.168107052900347e-05
130162,0.0017420387454935033
80731,0.00047151670635521965
5054,-0.00018336214105800695
84898,0.002789864582443162
541471,0.006077468578661952
7015,-0.00036658009784516023
4637,-0.0007334485642320278
9208,-0.0007072258568116139
55501,-0.0018336214105800683
58477,0.00022269620218861683
5143,-9.168107052900347e-05
9863,-9.168107052900347e-05
124923,-0.0004584053526450171
9313,-0.001440674421043655
84258,0.000301265919007423
84707,-0.00017025078734780167
51025,-0.0002750432115870104
10431,-0.00018336214105800695
80063,0.0012705220391382762
25870,1.3111353710211835e-05
7486,-0.0003666926349060761
83933,-9.168107052900347e-05
27430,-9.168107052900347e-05
9274,0.0003013643244498405
57165,-9.173880534538665e-05
5685,-0.00044529399893481256
83999,0.00010479242423920776
7862,0.0005631977768842264
5957,-0.0003667242821160139
149986,-9.168107052900347e-05
64399,-0.0011918539168770486
728358,0.0010347144832394469
57117,-0.009416829151624456
79004,-9.168107052900347e-05
9410,0.0005631977768842259
3263,-0.0006941145031014095
6610,0.0006679902011234458
65109,-9.168107052900347e-05
22797,-0.00043218264522461
169026,0.0017434686936291769
79038,-0.0016240365621016525
5788,0.0038980938838367577
6923,-0.0003667242821160139
25902,-7.807727505461554e-05
166793,-0.0015585781989930537
1781,-0.00683654941765977
4134,0.00037983563582622026
55646,-0.0005500864231740208
2712,0.0004846280600654264
25904,-0.0014668971284640556
404672,0.001519342543304876
7143,-9.168107052900347e-05
1013,-0.0004584053526450171
10085,0.00010487516268521537
4909,-0.0002750432115870104
2746,0.0001047924242392069
91319,0.0004846280600654248
662,0.0005631977768842316
28954,-0.0003667242821160139
27321,-0.00028795775441236015
26094,-0.003575463345188711
1917,0.0004978378192180618
57085,-0.0011787425631668402
5516,0.0011133826055006707
92105,0.0008906864033120568
3280,-0.0002750432115870104
2769,-0.0015584797935506297
51090,0.0005894204843046255
6804,0.0008252280402034698
2202,-0.00018336214105800695
896,-9.168107052900347e-05
8811,-7.856971681879916e-05
284040,-0.00018336214105800695
84630,0.00171581603807309
23078,-9.168107052900347e-05
91768,-0.0006286561399927999
90324,-0.00044529399893481256
84937,0.0009430334127104408
79003,0.001820608462312295
10994,-0.0005500864231740208
4893,0.0019777478959499004
57188,-0.0002750432115870104
283987,-9.168107052900347e-05
79641,0.00028815456529721214
90321,-9.168107052900347e-05
8174,0.0001964734947682109
79679,0.00028815456529721447
221120,-9.168107052900347e-05
2584,-0.0009958638972658899
6702,-0.00048452965462299127
54165,-0.002540847267391661
6871,0.0005631977768842322
79019,0.00020968325392084497
84328,-0.00024882050416660096
9070,-0.0047799365885638195
29978,0.0005770056455810872
8517,0.0008777140504368042
8514,0.0004715167063552212
9439,-0.0001309167262171925
729515,0.0017813728066241208
55114,0.001846831169732695
4724,0.0005636887600393787
274,-9.165440254969974e-05
84960,-0.005749684735906803
80154,-0.0003667242821160139
10884,-0.0005833897792659529
85865,0.0005631977768842262
8976,-0.00015713943363759704
115950,0.00047151670635521976
1447,-0.005094805888493582
26298,-0.000432182645224612
92259,-0.0002750432115870104
84735,0.0004191696969568328
22868,0.000759671271652436
84466,-9.168107052900347e-05
147179,0.0008121166864932522
116211,-0.0031694050019420725
26039,0.0009692561201308554
51602,-9.168107052900347e-05
652,-9.169894846964561e-05
10778,-9.168107052900347e-05
130589,-0.00018336214105800695
56853,-9.168107052900347e-05
124402,0.0005631977768842332
143379,0.00030126591900742165
64321,-0.001716764586882675
29128,-9.168107052900347e-05
221504,0.00019647349476821155
285135,-9.168107052900347e-05
283455,-0.0021872343389858703
83473,0.005422491325806259
29911,1.311135371021436e-05
7013,-0.0023312624189132775
1137,-1.3012948267774967e-05
6607,0.00019723526638774344
7555,-0.0019244470437587767
1361,0.0005631977768842331
5145,0.006523057793924011
10478,0.0005370734749062464
7329,-0.0004321826452246104
3706,-0.0014668971284640556
29082,-0.0009168107052900342
54622,0.00047151670635522144
8733,0.0015062311895946729
6507,-0.0007993226094204653
10060,0.000380119712986606
10467,-0.0004452939989348139
2009,0.0018074971086020752
2803,-0.0007071274513691795
2038,0.0009438014394596676
2962,-9.168107052900347e-05
6349,-0.0003667242821160139
280664,0.00047151670635522085
81551,-0.0002750432115870104
6359,-9.168107052900347e-05
5274,-9.168107052900347e-05
160419,0.00017034919279024113
63905,-0.0007334485642320278
83737,0.0013359804022468993
57665,-9.168107052900347e-05
4924,0.0006811015548336538
7837,0.0001310151316596164
9702,-9.168107052900347e-05
81629,-0.0009298236535578057
28990,-0.0006417674937030135
51586,0.00019647349476821076
84307,0.0041913033477986045
7770,0.0005763091305944298
839,0.0006156431917250501
3914,-9.168107052900347e-05
51019,-0.0004584053526450171
158046,-9.168107052900347e-05
84527,-9.168107052900347e-05
84677,-9.168107052900347e-05
284358,-0.00018347761069077332
54758,0.0002881545652972126
84102,0.0009037977570222592
28991,0.0010478258369496466
8615,-0.0005500864231740208
9230,-0.0007857955736304189
54812,0.00010479242423920653
9475,-0.0003667242821160139
2131,0.00010494549834828783
3816,0.0005631977768842261
6744,-0.00034050157469560317
51384,-0.0004584053526450171
2051,-0.00089058799786963
8425,-9.168107052900347e-05
51478,-0.00209555326845689
23347,-0.0006417674937030135
4915,-9.168107052900347e-05
4481,-0.0011006968585532658
376497,-0.007740347174682038
55512,0.0009954788275512618
9584,-0.0002750432115870104
8518,-9.168107052900347e-05
119391,-0.0006417674937030135
90871,-0.0007334485642320278
338785,0.0004715167063552216
9265,0.00048462806006542716
23135,-7.856971681879846e-05
29974,-0.0005500864231740208
348995,0.0001964734947682113
79719,0.0015193425433048743
10391,-0.0011007531270837236
84651,-9.168107052900347e-05
30837,-0.0005500864231740208
126823,-9.168107052900347e-05
8987,-0.0005500864231740208
730441,0.0004846280600654277
54938,-0.00018336214105800695
22882,-0.008253650920296627
84248,-0.0003667242821160139
51747,-9.168107052900347e-05
255061,0.0008513523421814349
144097,-0.00099538042210883
1184,0.0002883902857296261
7090,0.003208935873957583
56995,-0.00018336214105800695
8407,0.0014276614727758699
755,0.0010347144832394467
84254,-9.168107052900347e-05
8399,0.004558027629914614
22995,0.004060288216138986
2114,-0.0007203372105218316
3949,-9.169425942544077e-05
3281,-0.0017419403400510737
3730,-0.0003667242821160139
23594,-0.0016240365621016525
3215,-0.0002750432115870104
9246,-0.009050104869508493
54865,-0.0002750432115870104
25962,0.0005634929932115096
9294,-9.168107052900347e-05
5347,0.0001047924242392069
4829,-0.0005500864231740208
8329,0.0037721336508417646
57580,-0.0004584053526450171
633,0.0007596712716524387
2050,-0.0003404031692531772
146,0.0004846280600654267
5683,0.00037983563582621934
4289,0.0020170819570805455
7148,-0.0004586705815059088
9462,-0.0002750432115870104
27300,0.0002881545652972137
9214,0.00018346054650043473
27130,0.0004715167063552218
1786,0.0011396053129210783
1456,-0.0003536129284058074
29993,-0.0011001728463480415
29920,0.00022269620218861937
51617,-0.00018336214105800695
84458,0.00047151670635521987
3700,0.0004715167063552208
10879,1.3111353710215433e-05
79780,-0.0006417674937030135
56246,1.3111353710212089e-05
7289,0.0014145501190656654
51700,0.005671410235415267
5269,0.00019647349476821177
1386,-9.168107052900347e-05
8572,-0.004151772475783155
100505793,-0.002448969385977825
1400,-7.856971681879883e-05
8607,-0.0007334485642320278
25780,-0.010530678920427151
140459,0.0014407728264860765
3192,-0.0004584053526450171
10758,0.00038022521648121434
4335,-0.00026193185787680553
9087,0.0015979122601236751
6357,0.0004715167063552218
4604,-9.168107052900347e-05
84920,0.0010740485443700586
50945,-0.00018336214105800695
8550,0.0011395069074786551
375033,-0.00018336214105800695
1737,0.00010479242423920646
92335,-0.012232424414275968
92689,0.007138307363879333
26986,-0.001283534987406027
1021,0.0008513523421814358
3033,-0.00010469401879677856
54567,0.0001310151316596167
80258,0.0028946570066823614
10193,-0.0006417674937030135
84676,0.0013359804022468845
4283,-7.85697168187985e-05
972,0.0004846280600654245
2140,0.0007858939790728451
1944,-0.0009953804221088304
5162,-9.169425942544077e-05
93621,-0.0012442009262754261
25917,0.0006156431917250475
117144,-9.168107052900347e-05
79173,-0.0003667242821160139
22986,-0.0006417674937030135
23283,0.00020958484847841306
10910,0.0010347144832394473
1475,-0.00018336214105800695
3081,-0.0004586705815059088
7357,0.00019647349476821128
10554,-9.172942725697699e-05
3200,-0.00018336214105800695
10464,-0.0004584053526450171
63929,-0.0008120182810508253
8013,-9.172942725697699e-05
353144,0.0016110236138339063
57486,-0.0003142788672751952
84817,-0.0007334485642320278
8470,-9.168107052900347e-05
2567,-0.00018336214105800695
6509,-0.00018336214105800695
5445,-0.0002750432115870104
146057,-0.00027520938246985266
23276,-0.00017025078734780137
57690,-0.000261931857876806
432,-0.0004584053526450171
1797,-0.0002751531139393947
200523,-0.0012310895725652078
23288,-0.00018336214105800695
1201,-0.0001832853598783753
84779,-0.0003667242821160139
122060,-0.001270423633695831
6691,-0.0010084917758190343
85369,-0.00017025078734780164
9874,0.0012311879780076546
9724,-0.0004584053526450171
3586,-0.006262588970041955
10855,-9.168107052900347e-05
388698,-0.00035361292840580607
8641,0.0029994494309215722
51194,-0.0059722825326530265
4711,-9.168107052900347e-05
27292,-0.00018336214105800695
29101,-0.0005500864231740208
51136,-0.0007334485642320278
445815,-9.168107052900347e-05
8634,0.00019647349476821155
3142,-0.00035361292840580704
56940,-0.00035361292840580693
100288797,0.0008775750496018464
132789,-0.0020562513873123374
4097,0.0005631977768842279
6921,-0.0004321826452246081
2998,-0.009487858934494013
57180,0.0009430334127104403
6628,0.0032876039962187586
55024,-0.0009173177177907933
4726,-0.005186486959022583
54855,0.00010479242423920711
51081,-0.0018989813682462294
114907,-7.856971681879868e-05
11269,-0.0006286561399928088
10898,-0.00018336214105800695
6813,0.0004715167063552216
7701,-0.00024882050416659944
54457,0.0006679902011234418
10392,-0.0003927501786515679
84867,-0.0003667242821160139
9040,0.0009430334127104428
79817,-9.168107052900347e-05
9053,-0.0004584053526450171
255189,-9.168107052900347e-05
1122,-0.00018336214105800695
7274,-9.173880534538666e-05
26297,0.0001179037779494161
10410,-0.00018336214105800695
1437,-0.000536975069463815
80208,-9.173646082328425e-05
4803,1.3111353710214052e-05
89866,0.00048462806006542764
5354,-0.00018344947642554433
64777,-9.168107052900347e-05
9148,-0.00017025078734780153
83696,0.005684423183683036
80155,0.005370144316407878
4683,0.0011364179973056615
7520,-0.000536975069463812
310,0.0007596712716524364
8631,-0.00018336214105800695
11188,0.0005631977768842316
112752,1.3111353710211579e-05
5555,0.005330810255277278
7163,-0.0008120182810508254
818,0.0020825403201890904
114884,-0.0013882290062028244
84447,0.0001964734947682113
4171,-0.0004584053526450171
27132,5.24454148408389e-05
80325,0.0017290257972257244
10746,0.005422589731248689
5600,0.0004715167063552216
8668,-9.168107052900347e-05
51155,0.0003798356358262187
83699,0.0012442993317178643
10457,-0.0008905879978696302
1820,0.002645738097073348
8669,-9.168107052900347e-05
2155,0.0005635996681994846
51266,-0.0027765564178480685
55331,0.000799005332783038
1058,0.00047151670635522106
10920,0.00010479242423920711
54210,-0.00035361292840580737
25801,0.0005763091305944296
5999,-0.0011262971483260197
252969,-0.00018336214105800695
51225,-9.168107052900347e-05
201516,-0.0021739261743908217
10232,0.0003798356358262187
6181,0.00019647349476821155
127733,-9.168107052900347e-05
3070,0.0041519692866679335
134391,-0.0002750432115870104
2879,-0.00018336214105800695
2894,-0.0009168107052900342
57586,0.0006679902011234499
8891,-0.00018336214105800695
27231,0.0002882529707396358
57136,0.0028422115918415166
5934,-0.00018336214105800695
1263,-0.0015323554915726472
5827,-9.168107052900347e-05
7375,0.00022269620218862002
205860,0.0009300204644426693
4589,0.00011856013819701415
5886,-9.168107052900347e-05
84790,-0.002396622376579431
221687,-0.001650259269522062
382,-9.168107052900347e-05
23164,-0.0011001728463480415
10721,-9.168107052900347e-05
81603,0.00047151670635522074
23670,-0.0013489933505146377
83861,-9.168107052900347e-05
10016,0.002881545652972148
55225,-9.168107052900347e-05
8915,0.00048462806006542726
93624,-0.0004584053526450171
785,0.0003149630992383984
117581,0.0006420627100303074
4666,0.0005631977768842334
3014,-0.00018336214105800695
9885,0.0004715167063552213
115703,0.0011788409686092469
200958,0.000759671271652438
1114,-9.168107052900347e-05
64710,0.00019647349476821076
55863,-0.005186486959022583
84897,0.00047151670635522
740,0.0015455652507252863
100132406,-0.0007594744607675802
2203,-0.0018950443920723965
6234,-0.00018336214105800695
55588,0.00011790377794941733
285220,0.0014407728264860759
253461,-0.010084819352747954
6643,-0.0002750432115870104
51645,0.000943033412710442
57822,0.0026327251488055406
2315,0.0005635762229784607
51079,-0.00018321502421530283
142891,0.000301265919007425
26164,0.0007727826253626443
51283,-0.0011918539168770486
2287,-9.168107052900347e-05
27252,-9.168107052900347e-05
9509,-0.0003667242821160139
25802,-0.00018336214105800695
6066,-0.0010870614926378418
55102,-0.0007334485642320278
7703,-0.0017419403400510737
9776,-0.0003405015746956033
57326,0.0004715167063552215
159195,-0.0003667242821160139
57606,-9.168107052900347e-05
55664,-0.00026193185787680586
84259,-9.168107052900347e-05
10059,-9.168107052900347e-05
57692,0.0012311879780076559
55015,-9.168107052900347e-05
29915,0.0010609371906598615
374393,0.00047151670635522085
8856,-9.168107052900347e-05
84706,0.0005631977768842314
282617,-0.0021872343389858703
27348,0.0001964734947682116
400569,-0.0003667242821160139
51304,0.0041519692866679335
1084,0.000772782625362635
2878,0.00010479242423920711
8743,0.004820057893233847
9726,3.933406113062119e-05
2175,-0.0008096994642457511
8673,-9.168107052900347e-05
826,-9.168107052900347e-05
150209,-7.856971681879916e-05
55450,-0.0006417674937030135
55422,0.0001047924242392069
27095,-7.856971681879859e-05
2668,0.0005763091305944294
83851,-0.0007203372105218272
5029,-9.168107052900347e-05
10093,-9.168107052900347e-05
8808,-9.168107052900347e-05
65055,-0.00024894370135650055
283337,-0.00018336214105800695
10298,-0.0008381425830288019
57628,-0.0008256281474095579
9212,-0.0006417674937030135
54913,0.0004715167063552216
7695,-0.00018336214105800695
63874,-0.0004321826452246142
55900,-9.168107052900347e-05
3233,-0.0002750432115870104
66002,-0.0013621047042248421
80725,-0.0006417674937030135
10900,-9.168107052900347e-05
5818,-0.0006417674937030135
116039,-0.00017025078734780142
23012,-0.00018336214105800695
408050,-0.00026193185787680597
64834,-9.168107052900347e-05
654,-9.168107052900347e-05
23316,-0.0003405015746956016
147650,-0.0003667242821160139
6461,-0.0002750432115870104
55559,-0.0008905879978696256
23241,-0.0003536129284058075
5265,-0.0002619318578768065
26229,-0.0009822690683986292
5187,-0.001650259269522062
5493,-0.00018336214105800695
8408,0.0012311879780076555
200916,-9.168107052900347e-05
182,-0.0005503343621440184
440689,0.0017943857548918859
594855,0.0005631977768842251
197,-9.168107052900347e-05
91147,0.0005635691894121519
51115,-9.168107052900347e-05
22982,-0.00018336214105800695
51125,-0.00018336214105800695
9538,-9.168107052900347e-05
6992,-0.0007989069273406237
64094,-0.0021610116315654705
124,-0.00018336214105800695
84914,0.0002881545652972117
10217,-0.00018336214105800695
573971,0.001270522039138278
259197,-9.173646082328425e-05
1329,-0.00034050157469560203
128209,0.001597912260123685
114088,-0.0011656312094566392
150274,-5.234700939838659e-05
2495,-0.0008905879978696252
90627,-0.0007982441292533549
10629,-0.0009560463609782208
23243,-0.0002750432115870104
2060,-0.00032739022098540055
89858,-7.856971681879868e-05
4751,1.3111353710211652e-05
1910,0.000563197776884225
80223,-0.0007072258568116143
8603,0.001886066825420883
6520,-2.6124301977976813e-05
56681,-0.0011918539168770486
4157,0.00010479242423920748
6499,-0.000275132013240473
54583,0.000851352342181439
85458,0.0002881545652972128
26205,0.0013884258170877002
905,-0.0004584053526450171
347733,-9.168107052900347e-05
221613,-0.0005500864231740208
7798,-0.0013227706430942305
23313,0.0005631977768842259
8932,-0.00044529399893481386
163087,-0.0014668971284640556
84285,0.0003798356358262191
984,0.00047151670635521965
64111,0.0028553229455517267
9703,0.002082540320189097
51701,0.0004715167063552201
5449,-0.0011001728463480415
343521,0.00020958484847841393
372,0.0015193425433048765
2214,-0.000825129634761031
25937,-0.01242919312537141
1158,0.0001964734947682109
23281,-9.168107052900347e-05
23011,-9.168107052900347e-05
493753,0.00028835277337598746
9639,0.00010479242423920718
4248,-0.0007072258568116144
143244,-0.0003667242821160139
29761,-9.168957038123593e-05
23034,0.00037983563582621896
5636,-5.234700939838659e-05
9808,-0.00018336214105800695
25929,-0.0023179542543182194
5346,-0.00026172369133676626
10985,0.00028815456529721496
4297,0.0001339144134457243
6559,0.00028838090764121856
3684,-0.0003667770377017631
22834,0.0013228690485366705
55540,-0.0003273902209854
3026,0.0005631977768842271
8803,-0.0002619318578768061
1418,-0.00018336214105800695
8332,0.00028815456529721474
7380,0.0007990053327830474
387338,0.0005631977768842324
56950,-0.00035361292840580726
653394,-0.005618571198804737
2833,-0.0005500864231740208
81027,0.0019122895328412993
29968,-0.0006024334325724039
10923,2.6222707420417707e-05
10540,0.00019647349476821076
8038,-0.003549339043210716
56956,-0.0005238637157536111
90933,-0.0004976410083332035
64422,0.0015324538970150757
6455,0.0004322810506670368
6868,0.0027243078138921325
6821,-0.0002750054090469426
5194,0.00013138232957511694
147339,-9.168107052900347e-05
2037,-9.168107052900347e-05
116496,-9.168107052900347e-05
8722,-0.0002750432115870104
50624,-0.0002750432115870104
51378,-0.0006810031493912097
55246,0.0020301933107907187
7114,-0.0002750432115870104
92609,-9.168107052900347e-05
1132,-0.004426717281927717
23784,0.0009561447664206539
6235,-0.0008905879978696258
8924,0.0003537113338482342
167227,-0.005788920391594976
554313,0.0008513523421814399
5042,0.00019647349476821215
11076,-0.0005500864231740208
7356,-0.0009168107052900342
58190,-9.168107052900347e-05
94005,-0.0003667242821160139
79740,0.00047151670635522074
115509,-0.0005503906306744764
2103,3.9334061130622645e-05
144715,-9.168107052900347e-05
9330,-0.00017025078734780137
124590,-0.00099538042210883
1175,-0.0006417674937030135
55285,0.002200444098138493
54511,-0.00026193185787680597
3454,-0.0001440280799273927
1131,0.0008644636958916431
11183,0.00013101513165961553
10130,0.004754501124682872
10944,-0.004308813503978284
5052,0.0003798356358262191
79084,0.0008906864033120639
54862,-0.0012704236336958327
1390,2.6321112862835232e-05
79025,0.0004846280600654257
26292,-0.0005500864231740208
94081,0.0008906864033120587
285679,0.0034839790855445596
80271,-0.00018336038458565258
2074,0.0021375383131251873
56063,-9.168107052900347e-05
7278,0.0029207813086603277
92241,0.0008513523421814386
6891,-0.0005502921607461749
26750,0.00047151670635522166
30844,-9.168107052900347e-05
4957,0.0005631977768842263
79896,-9.168107052900347e-05
3344,-9.168107052900347e-05
56137,-0.0005500864231740208
90204,-0.005186486959022583
92815,0.0024493630077475387
55173,0.00010479242423920776
1399,-0.00035361292840580715
2813,0.0011526182611888522
6513,-9.168107052900347e-05
10073,0.0018074971086020817
54867,-0.00018336214105800695
23114,2.6222707420414725e-05
50512,-9.168107052900347e-05
26100,-0.00017025078734780145
152687,0.0001964734947682113
4122,-0.0007334485642320278
51702,-0.0006547804419707973
84232,0.00019647349476821155
4172,0.00037983563582622026
55829,-0.001637049510369419
934,-0.007020009964160235
8087,-9.168107052900347e-05
8487,0.0004846280600654267
7565,-0.0002750432115870104
29777,-0.0007204927427709768
128821,0.000288154565297213
118812,0.0004715167063552217
286053,-0.00018336214105800695
389114,-0.00018336214105800695
6574,0.0014276614727758707
89849,-0.0006155447862826021
5837,-9.171067108015767e-05
6783,-9.168107052900347e-05
339479,-0.0002752164160361599
10630,-9.168107052900347e-05
55554,-0.0006417674937030135
8938,-0.0002620800586963302
9446,0.00045850375808743866
3001,-9.168107052900347e-05
478,0.0003929469895364234
57663,-9.168107052900347e-05
6480,0.0003801548808181429
2134,0.0004715167063552216
28989,-0.0005500864231740208
26827,1.3111353710212324e-05
10116,0.0006291481672049601
10066,0.0002881545652972145
7311,0.0025410440782765538
10106,-0.002737320762159906
4722,-0.0004584053526450171
114932,-7.856971681879864e-05
5456,-0.00018336214105800695
51560,0.001886066825420883
85464,0.005042655689980061
6932,-0.0003667242821160139
6119,0.0008513523421814365
51665,-0.0004584053526450171
4927,0.0028160872898635543
23223,0.00011790377794941653
6198,-0.00018336214105800695
397,-0.001283534987406027
285362,0.00038009861228768387
11344,0.0046103746393130135
84922,0.0005631977768842259
2799,0.00019676636196726014
10599,-0.0007334485642320278
326624,0.00030126591900742143
463,-0.0002751671810720092
135,-0.0006807079330639198
84141,0.00047151670635521987
6224,7.876652770365722e-05
84162,-9.173646082328425e-05
121504,0.0009430334127104398
27333,0.0003798356358262191
225,0.0012574106854280774
80199,-0.006535480309537235
657,-9.168957038123593e-05
54881,5.244541484084305e-05
253959,-9.168107052900347e-05
3707,0.0019777478959498913
10990,-0.00018336214105800695
594,-0.000917247382127721
4017,0.0008646605067765227
4047,-9.168107052900347e-05
6885,-0.00018336214105800695
552900,1.3111353710214652e-05
253558,0.0027243078138921425
56992,-0.0008119198756083938
3425,-0.0029733182412381835
9001,-0.0002750432115870104
55299,0.0008513523421814391
221786,-0.00044529399893481267
22863,0.00037983563582621896
7867,-0.0018205100568698751
730394,-0.0012704236336958299
84733,-9.168107052900347e-05
5138,0.00048472646550785524
340075,0.0006287545454352508
10152,0.0027507273321973605
60673,-0.001650259269522062
302,-0.0017419403400510737
79594,0.0002881545652972123
2793,0.0014145501190656676
145258,0.0004846280600654276
23208,-0.00018336214105800695
1442,-0.0002750432115870104
881,0.0005631977768842322
123,0.00047151670635522166
23029,0.00030126591900742224
25758,0.004911738963762865
81793,-0.00017025078734780115
7381,0.0015193425433048702
4848,0.0005894204843046315
50943,-0.00036685206240904037
583,0.0010488641639130787
813,-0.005461530170609596
4619,-0.00013091672621719046
64968,-0.000969157714688422
23076,-0.0007857955736304233
10902,0.0036018828634939905
64064,0.0026457380970733467
3630,1.3530237053045903e-05
85415,0.0003801830150833712
285782,-0.0004976410083332022
80262,-0.0009168107052900342
4881,-0.0030777239314130596
8078,-0.001283534987406027
8349,0.0017943857548918852
54891,0.0009430334127104424
149428,-0.00018336214105800695
9655,0.0001964734947682115
3890,-9.168107052900347e-05
22858,0.0011657296148990608
55796,0.0010217015349716697
2273,-0.0023703704585938583
3799,-0.00018336214105800695
118460,-0.0003667242821160139
3902,-9.168107052900347e-05
51185,-0.00018336214105800695
9215,-0.0005504328320723198
50809,-0.0005238637157536117
23678,-9.168107052900347e-05
3675,-0.0007334485642320278
23277,0.001034714483239446
10566,-0.0002750432115870104
374650,-0.0011787425631668404
10552,-0.000720337210521832
55291,-9.168107052900347e-05
55666,0.0005763091305944295
5078,-0.0004586940267269329
10452,-0.0012841135116693546
4336,-0.0020965748229517848
2917,-9.168107052900347e-05
6924,-9.168107052900347e-05
23194,-0.0005500864231740208
284114,-0.0003667242821160139
23133,-0.001283436581963621
441521,0.0009561447664206561
6790,0.002095651673899306
55201,-9.168107052900347e-05
3953,0.0015062311895946718
8369,-0.00018336214105800695
80273,0.00039294698953642267
30009,0.002228313519886457
490,-0.0005500864231740208
7297,0.0004720132567907503
7773,1.3111353710215433e-05
319,0.001270522039138275
112609,0.0006679902011234471
8666,-0.007177149397797774
26960,-0.00018336214105800695
386676,-0.000969157714688422
10850,0.0002881545652972139
4085,-0.00018336214105800695
6913,0.0008513523421814366
6659,-7.856971681879886e-05
200734,-0.0002751882817709309
221823,-0.00341812710066624
55118,2.622270742042258e-05
6229,-0.0016874979174782434
79735,0.0006679902011234476
9666,0.0020956516738993014
55312,-0.005461530170609596
373509,-9.168107052900347e-05
64975,-0.0005500864231740208
26291,-0.0007334485642320278
1388,-0.00018336214105800695
6799,0.009522605630287955
7404,0.0010347144832394465
2534,0.0008513523421814388
6376,-0.0002750432115870104
55813,-0.0008120182810508261
11152,-0.00501603936078991
79088,-0.00032739022098539854
10521,-0.001650259269522062
578,0.002514919776298568
5866,-0.003810778873875415
4697,0.00022269620218862046
409,0.0018074971086020869
10614,-0.0018336214105800683
6717,-0.0002750432115870104
57804,0.00019647349476821177
9890,-0.0028157920735362796
7466,-0.007337669580104269
23612,0.0005631977768842259
84321,0.0005631977768842301
4542,-0.0004584053526450171
643314,0.002789962987885586
727897,-0.0004584053526450171
3313,-0.0005500864231740208
23373,-0.005343429581775381
80222,1.311135371021129e-05
5250,0.00010479242423920705
9465,-0.0012704236336958303
7781,-0.0005368766640213583
2784,0.00019647349476821098
30968,-0.0002750432115870104
6609,-6.532541933958605e-05
51101,0.0005763091305944294
26508,-0.0005500864231740208
8864,-0.0003667242821160139
252884,-0.0004584053526450171
10736,-9.168107052900347e-05
6768,-0.0003667242821160139
54065,-0.0004321826452246106
84679,0.0008121166864932658
85363,-0.0003667242821160139
1280,-0.00024762842445704266
128272,-9.168107052900347e-05
1608,0.005252240538458434
151516,0.0011263955537684628
4361,-0.00018336214105800695
337880,0.0027261212088479825
129880,-0.0001834729216465685
1071,0.0002883996638180366
23109,0.00374600934886375
57489,-9.168107052900347e-05
3685,-9.168107052900347e-05
9696,-9.168107052900347e-05
100125556,0.0004715167063552215
151242,0.0003274886264278292
242,0.00011790377794941202
140545,-9.168107052900347e-05
3021,-0.001047727431507226
25926,0.00020958484847841548
51773,-0.0001309167262171997
6620,0.0011395069074786543
5440,0.0011526182611888613
220717,-0.0008120182810508254
4688,0.0029338926623705434
26036,0.0005631977768842251
27250,-0.00026193185787680575
140690,0.0018991781791310946
79009,-0.000825129634761031
5527,0.00019647349476821152
83540,0.00445323520567544
1908,0.0029994494309215722
5310,-0.00018336214105800695
4718,0.003706872098618047
6567,0.002069428966478895
1385,0.0008513523421814366
95,-9.172708273487457e-05
9798,-0.0002488205041666022
55130,0.0011263955537684626
5876,-0.0011918539168770486
137868,-9.168107052900347e-05
125476,-9.168107052900347e-05
374354,-9.168107052900347e-05
51271,0.00358877150978377
219402,-0.0002750432115870104
2181,0.0005763091305944244
6614,-0.0002750432115870104
25913,0.00011790377794941696
6492,0.00028815456529721214
955,0.00019647349476821141
2515,0.0003798356358262186
5645,-0.0004584053526450171
6822,-9.168107052900347e-05
136,-6.545836310859705e-05
2875,-0.00017025078734780123
64689,-0.0013096592893840275
4254,-0.00026193185787680597
55957,-0.00199076084421766
8675,0.003774980683716843
54474,0.0008513523421814345
5079,1.3382532160590008e-05
63928,-0.0006417674937030135
833,-0.0008120182810508259
5298,2.622270742042872e-05
10607,0.0027505305213125337
9158,-0.007701111518993891
2551,-0.00018336214105800695
10465,0.0015324538970150753
23094,0.0005631977768842259
22918,-0.0006284444605080613
25941,1.3111353710213925e-05
9924,0.0003668226875584427
1365,0.0007858939790728437
2057,-0.0010084917758190343
3622,1.3111353710211398e-05
78987,-9.168107052900347e-05
51307,-9.168107052900347e-05
84953,0.0007596712716524378
84888,-0.00018336214105800695
3804,-0.0005500864231740208
84946,-0.0002750432115870104
84766,0.0008644636958916431
51002,0.002252889512979317
1719,0.00047151670635522166
4705,-0.0003667242821160139
23363,-0.00018336214105800695
6536,0.0014277598782183115
7079,0.0017943857548918844
5693,0.00023580755589881866
1861,-3.74959419839199e-05
9400,-0.0003667242821160139
7082,0.0023838062391965164
51162,0.0005631977768842283
864,-0.0028152036706513236
7498,-0.0008120182810508259
63948,0.0011395069074786562
79050,0.0005631977768842312
8513,0.0007596712716524359
55602,-0.0004584053526450171
2919,-9.168107052900347e-05
30835,-9.168107052900347e-05
54732,-0.0010084917758190343
10518,-9.168107052900347e-05
84759,-0.0008381425830287913
152189,0.00020958484847841518
5432,-0.0007334485642320278
3417,0.000851352342181435
10907,-9.168107052900347e-05
4159,-0.0007857955736304214
4240,0.001349091755957081
197131,-0.011237339208494452
6840,-0.0002750432115870104
8175,0.0006679902011234463
25871,0.002161208442450325
610,-0.0011525198557464317
4728,-9.161220115185626e-05
6279,0.0010609371906598571
200014,3.933406113062432e-05
4776,0.0004060583432466269
5048,-0.0007334485642320278
4599,0.0005631977768842279
124460,0.0004718632073761966
124944,-0.00044529399893481413
161003,-0.0004584053526450171
4852,-0.0006810031493912033
51028,0.0004715167063552208
126961,-0.010084819352747954
55034,0.001702704684362879
8220,-0.0006678917956810069
8818,-9.168107052900347e-05
8887,-0.00018336214105800695
11159,-9.168107052900347e-05
259217,-7.856971681879886e-05
10677,0.00028815456529721116
3906,0.00039294698953642326
92737,-9.168107052900347e-05
3952,-0.00035358675635357555
9256,0.0005631977768842261
8892,0.0008513523421814394
1770,-0.00035361292840580737
8745,-0.00018336214105800695
63827,-9.168107052900347e-05
9856,-0.0002750432115870104
1527,-9.168107052900347e-05
57689,-0.00018336214105800695
115294,-0.0026063056305002906
65988,0.0002881545652972136
9638,-0.0059722825326530265
23141,-9.168107052900347e-05
8886,-0.0005500864231740208
6957,-9.168107052900347e-05
84939,-0.0008643652904492153
2302,-0.00018336214105800695
5338,-0.0002619318578768061
3501,-0.0027373207621599095
79065,-0.00018336214105800695
23199,-0.00026193185787680597
9783,-0.0049637907568339905
9103,-0.0005500864231740208
9319,0.0002881545652972132
55702,-9.168107052900347e-05
5165,-0.0002750432115870104
55363,0.0005631977768842276
27159,-9.168107052900347e-05
57579,0.00028815456529721105
9473,-0.0003405015746956022
3933,0.002003970603370314
119,0.00010479242423920718
1501,-9.168107052900347e-05
3543,-0.0002750432115870104
64342,0.00027514161702944096
375686,0.0033137282981967747
154,-0.00015713943363759706
5104,2.6222707420423016e-05
3082,-0.0006417674937030135
1286,-0.00018336214105800695
79078,-0.00040595993780419433
132671,-0.009036993515798257
4211,-0.0003667242821160139
23107,-0.0002750432115870104
27304,-0.0010870614926378405
8433,-9.168107052900347e-05
55633,-0.0004584053526450171
79870,-0.00014402807992739292
79724,-0.0004584053526450171
4225,-9.168107052900347e-05
5046,0.0003929469895364228
29951,-0.00018336214105800695
22795,-0.0004584053526450171
271,-0.00588030624579675
58506,-0.0007203372105218319
6191,-0.00018336214105800695
3189,0.0011395069074786556
80762,-9.173646082328425e-05
23390,0.0010478258369496474
6023,-9.168107052900347e-05
959,-0.00018336214105800695
80055,-9.168107052900347e-05
84451,0.0008513523421814361
8879,-0.00018336214105800695
10125,-0.0009172942725697692
4552,0.002095651673899298
9842,-0.0011001728463480415
26993,-0.000445293998934813
158405,-9.168107052900347e-05
58484,-0.00018336214105800695
394261,-9.168107052900347e-05
10371,-0.00027520938246985266
84856,0.001231187978007657
3772,-0.00034050157469560377
11129,0.002685072158203947
4139,0.0002881545652972149
7094,0.00056319777688423
4355,-0.000536975069463812
339855,-0.0005369750694638155
957,0.0006679902011234494
8672,0.0005631977768842269
56000,0.0007596712716524387
165530,-0.0007334485642320278
1513,0.0009701444898024067
25844,-0.0004452939989348139
6900,-0.0002750432115870104
2892,-9.168107052900347e-05
56165,0.0001047924242392082
7116,-0.00018336214105800695
56302,-0.0003667242821160139
90326,0.0011263955537684541
1266,-0.0006024334325724065
22,0.0014145501190656671
51280,-0.002069330561036453
2248,0.0015455652507252924
80817,-0.0007334485642320278
9189,-0.00018336214105800695
92912,-0.00018336214105800695
128229,-0.00018336214105800695
9069,0.0005631977768842322
84245,-0.0003667242821160139
55346,-0.00018336214105800695
29928,-0.00026193185787680624
55332,-9.168107052900347e-05
29899,0.0017027046843628732
118932,-9.168107052900347e-05
825,0.001795772637211961
1133,-0.001663272217789841
8790,-0.010150277715856578
8968,-9.168107052900347e-05
51503,-9.168107052900347e-05
22846,0.0008513523421814383
414927,0.00028815456529721154
538,0.0008519688532301823
6782,1.3111353710214669e-05
140803,0.001035427707744142
8338,0.0013228690485366725
2774,-0.0003667242821160139
64324,0.0016254946859577803
9050,-0.0005238637157536129
84342,-0.00027509684540893677
8318,-9.168107052900347e-05
116143,-0.00018336214105800695
84167,0.002632626743363116
146894,-9.168107052900347e-05
6443,-0.0008775429003233273
79716,-9.168107052900347e-05
2079,-0.0004452939989348133
123811,-0.00024882050416660144
51585,-0.0006417674937030135
11001,-9.168107052900347e-05
6836,0.0018206084623122857
84918,-7.85697168187983e-05
3098,-0.002995888955518168
5279,-0.0017419403400510737
5562,-0.0002750432115870104
8622,0.0008521329697773553
57104,0.0005635738784563621
9332,0.0006679902011234461
100506658,-0.0006417674937030135
939,0.0028946570066823623
7053,-0.0005500864231740208
10131,0.0002881545652972138
79158,-0.0001702357498563326
27434,-0.00616865762197885
64786,-9.168107052900347e-05
6625,-0.0002615382361070788
399979,0.00047151670635521976
3329,-7.46824070503197e-05
9965,-9.168107052900347e-05
2557,0.001034714483239446
22844,0.0002881545652972136
79180,-0.0011001728463480415
6422,0.0004715167063552218
23122,0.0008513523421814382
9263,0.0005631977768842279
6005,-0.0005369750694638112
80018,-0.0007993765334288191
8562,0.002527932724566312
1312,-9.168107052900347e-05
7048,0.00010557851931593986
51203,0.0016110236138338944
342945,-9.168107052900347e-05
5414,0.005357229773582549
53840,0.002239876564711544
5747,-9.135899276479548e-05
3055,-0.0002750432115870104
90459,0.00013101513165961553
415117,0.00037983563582622026
9810,0.0002881545652972114
100133941,1.316918064927054e-05
8544,-9.168107052900347e-05
441241,0.001702704684362874
57718,1.311135371021129e-05
2319,-0.0006286561399928023
2170,-0.00018336214105800695
9929,-0.0007334485642320278
91662,-0.0002488205041666017
157506,-9.168107052900347e-05
3704,-0.00018336214105800695
4327,-9.168107052900347e-05
57609,0.003696096893059011
126638,0.002920781308660349
5771,-0.0009168488133703104
275,0.0004718772745088092
1622,-0.0003667242821160139
55228,-0.00018336214105800695
114112,-9.168107052900347e-05
285987,-0.00041907129151440184
55280,0.0011263955537684526
8575,-0.0028421131863991
2165,-0.0006421552257629788
8233,0.000471516706355221
57556,0.0004716151117976546
1775,0.0003798356358262187
10912,-0.0024097337302896333
55128,0.0013490917559570836
72,-0.00018336214105800695
23410,0.000471516706355221
79884,-9.168107052900347e-05
27107,-0.00022259779674619132
54455,-0.0002619318578768058
3084,-9.168107052900347e-05
26064,0.00019647349476821155
2840,0.0014145501190656639
8019,-9.168107052900347e-05
200576,-0.0013489933505146342
374666,-0.00018336214105800695
11075,-0.0006286561399928106
3976,0.0002883621514643988
10533,-0.00023570915045639692
16,-9.173177177907941e-05
5105,-0.000825129634761031
152559,-0.0009166138944051841
10799,-0.0050292491199424505
1650,-0.00026193185787680537
5359,-0.0002750432115870104
64100,0.0009561447664206513
84975,0.000995478827551263
23235,-0.002292026763225081
8431,0.0024085134886780504
85437,-0.0011001728463480415
8554,-9.168107052900347e-05
6236,-0.0005107523620434151
115584,-0.0002750432115870104
7456,-0.00018336214105800695
654346,0.0005763091305944263
26231,0.0015979122601236882
64061,-6.54583631086015e-05
25766,0.0004846280600654277
3796,0.00037983563582621966
10628,-9.168107052900347e-05
83786,-0.0006417674937030135
56919,0.0025934894931173786
54751,-9.168107052900347e-05
3842,-0.000825129634761031
728556,0.0018074971086020869
5362,0.00020958484847841553
4147,-0.0009168107052900342
89780,0.001322869048536667
51272,0.0038769260750810054
163126,-0.00032739022098540033
6470,-0.0005369750694638155
5473,-0.0004584053526450171
26059,-0.0002619318578768065
112802,-0.001087061492637842
27165,0.0006679902011234461
93487,-9.168107052900347e-05
60684,-0.00032739022098540076
338692,0.0007073242622540515
2063,-0.00018336214105800695
8021,-6.451655921425115e-05
11141,0.0011263955537684552
5167,0.0009437920613712591
55930,0.00019647349476821133
203547,0.0002489189096090363
783,1.32020039587042e-05
908,-9.168107052900347e-05
79674,-0.00018336214105800695
2646,-0.0002752164160361599
9622,0.0013359804022468904
388695,-0.00018336214105800695
55072,0.002174221390718105
57127,-0.0005500864231740208
2627,0.0005108507674858315
25831,0.00047151670635522144
1540,-3.769757088471942e-05
79991,0.00027514161702943873
3219,0.0005239621211960345
55611,0.0003145740836024775
6352,-9.168107052900347e-05
1974,0.00047151670635522166
3270,0.00010479242423920737
25874,0.0004846280600654275
54069,-0.0004452939989348128
8462,-9.172004916856734e-05
55068,-0.005448418816899361
9082,-0.00018336214105800695
51619,-9.168107052900347e-05
55974,-0.009718095070631939
400745,0.0021611100370079023
6633,-0.0005500864231740208
8910,-0.0007203372105218328
570,-9.168107052900347e-05
23648,-0.010595473309348982
131450,0.00047151670635522117
4809,-0.0006417674937030135
8732,0.002383806239196514
158399,-0.0008120182810508254
7182,-0.0006417674937030135
516,0.00047151670635522166
9892,-0.001545466845282857
27153,-0.0011394085020362194
23062,0.0006679902011234522
4175,-9.168107052900347e-05
23172,0.0002881545652972136
6568,-0.00018336214105800695
6525,0.0003798356358262191
148413,0.0013228690485366623
987,-0.000825129634761031
10288,0.0005631977768842329
84938,0.0001964734947682112
339487,-0.0003667242821160139
5920,-0.0024753889042831044
64407,-0.00018346354355815883
55599,0.00019647349476821068
84063,-9.168107052900347e-05
11108,-0.0002750432115870104
11227,-0.000825129634761031
23271,0.005723855650256114
14,0.0011395069074786551
9759,-9.168107052900347e-05
85406,-0.0007334485642320278
343263,-0.0011001728463480415
1164,3.93340611306233e-05
11316,-0.0006678917956809956
1969,-0.0004584053526450171
4131,-0.00018336214105800695
56676,0.001506231189594663
255167,0.0021742213907181046
57646,0.0005108507674858364
5627,0.0002884559323484959
7398,0.0030255737328995502
9044,-0.00480665132319637
1294,-0.00018336214105800695
64928,-9.168107052900347e-05
2694,-0.0004584053526450171
112714,-0.0005500864231740208
653808,0.00019647349476821082
7692,-0.0003667242821160139
51248,-9.168107052900347e-05
79858,-7.856971681879894e-05
100287898,0.0008775750496018409
11231,-9.168107052900347e-05
894,-0.0012573122799856284
9752,-0.00018336214105800695
9191,-0.0009168107052900342
729428,-9.168107052900347e-05
5480,-7.856971681879922e-05
23036,-0.00010465946665179189
29947,0.0002881545652972117
10951,-0.00018336214105800695
7349,0.0017943857548918874
2644,0.004964184378603678
7389,0.0014323318544619361
6117,-0.0004584053526450171
7132,0.0004725900092279446
7348,0.0005631977768842327
57512,-0.00018336214105800695
284307,0.000471516706355221
152185,-0.00018336214105800695
115727,0.0019387090511465545
4975,-0.007976154730580892
10524,0.0003798356358262196
85302,0.0010478258369496527
4818,-9.168107052900347e-05
51530,-0.00036687081858585973
3790,0.0006679902011234436
51633,0.0016110236138339033
8671,0.0007602675602384393
26240,-0.0002750432115870104
4968,0.0005635809120226669
10072,0.0005763091305944289
257054,0.0005631977768842257
5408,0.0007858939790728448
25981,-0.0002750432115870104
5494,-7.856971681879879e-05
26140,-0.00018336214105800695
7022,-7.856971681879864e-05
51112,-0.0003667242821160139
5027,-9.168107052900347e-05
6547,-0.0004584053526450171
79750,0.00011790377794941631
284418,-9.168107052900347e-05
5504,0.0014145501190656652
129521,-0.00018336214105800695
1801,-0.0005500864231740208
10881,-0.0011918539168770486
92399,-0.004492274050478731
6945,2.62227074204164e-05
9094,0.0009430334127104421
4306,-9.170832655805525e-05
8612,0.00010479242423920686
55831,-0.0006154463808402021
79892,0.000799005332783044
5929,-0.004400592979949741
27257,-0.003549142232325887
10513,0.0009561447664206503
84464,-0.006194781923956751
9451,0.0003801619143844502
10514,-0.005500765826297771
85300,0.00047183976215517246
23560,0.00014412648536981775
401135,-0.00011780537250698171
51684,-0.0017419403400510737
10254,-0.0013489933505146374
8904,0.0005631977768842257
91694,-0.00018336214105800695
728242,-9.168107052900347e-05
91408,-0.0009168107052900342
27440,0.004544916276204419
3619,-0.00018336214105800695
3674,-0.0005500389523591142
950,-0.00018336214105800695
1182,0.006732347426075157
976,0.00048462806006542493
3667,-0.00018302277340290484
11216,-0.006590575889559324
4201,-0.00018336214105800695
55094,-0.0007857955736304241
51297,0.000812116686493259
5133,0.0011272743611062401
2906,0.00019647349476821082
9900,-0.0004584053526450171
6317,-0.0005500864231740208
1235,-0.0005503765635418618
28227,-0.005186486959022583
56923,-0.0002750432115870104
79590,-0.0012573122799856174
55837,-9.168107052900347e-05
9921,-0.00024882050416659825
83733,0.0007727826253626448
221184,-0.00018336214105800695
23368,-9.168107052900347e-05
256369,-0.0002750432115870104
22854,-0.00018336214105800695
84296,-0.007740248769239574
646,0.0009561447664206506
3185,1.3111353710212451e-05
9253,0.00020958484847841526
8048,-0.006694067784204022
23764,-0.00018336214105800695
80321,0.0003798356358262194
55669,0.0008513523421814386
79602,0.00019647349476821155
25925,0.0008775750496018463
3491,-0.0002750432115870104
5364,-9.168107052900347e-05
54505,0.00047151670635522117
125875,-0.0005500864231740208
1758,-0.0008256281474095579
79083,0.0006025318380148398
23413,-9.168107052900347e-05
2289,-9.168107052900347e-05
11226,0.00028815456529721127
122961,-0.007046331077023012
6375,0.002645738097073327
2483,-7.856971681879867e-05
6710,0.0026345816878812914
1806,0.0009569776536752456
3712,0.00028815456529721116
22808,-9.171536012436251e-05
160065,0.0017289273917832884
116844,-0.0020169835516380685
8522,-0.00026154081861277494
26505,0.0011263955537684496
25934,0.0004060583432466297
535,-0.0005500864231740208
2022,0.0001964734947682113
26153,-9.168107052900347e-05
23195,-9.168107052900347e-05
56139,0.006876473911444966
55153,0.00019647349476821185
5588,-9.168107052900347e-05
10950,-0.0003667242821160139
78998,0.0005631977768842263
55095,-0.00044529399893481327
114783,-0.00018336214105800695
124583,0.0001047924242392077
9312,-0.00040595993780418924
23384,-0.00018336214105800695
57062,-7.856971681879831e-05
57595,-9.168107052900347e-05
1520,0.0023706948854863184
87769,0.00047151670635522144
7175,-0.0002750432115870104
10981,0.0011263955537684624
56547,-0.0006417674937030135
210,-0.00027520938246985266
115817,0.003392298015015538
9989,-0.0004584053526450171
4855,-0.00018342134216031534
90834,-0.0006024334325724092
57553,-0.0004584053526450171
30833,0.0005631977768842252
6731,0.0019516235939719248
5458,0.0011002712517904699
2261,-9.164033541708523e-05
10188,-0.0014930214304420151
55818,-9.168107052900347e-05
3306,0.0007990053327830452
440498,-0.00018336214105800695
285093,0.000759671271652438
83900,-9.168107052900347e-05
7441,-0.0006417674937030135
4668,-0.0011918539168770486
5569,0.00039294698953642353
55166,-0.00015713943363759639
1281,-9.171770464646493e-05
1211,-0.0005238637157536111
25878,0.000471516706355221
10768,0.0005631977768842322
56141,5.2445414840845666e-05
3502,-0.0006417674937030135
5339,-9.167550324862145e-05
55707,-0.0009036993515798286
2537,-0.0002750432115870104
84669,-9.168107052900347e-05
80331,-9.173411630118183e-05
81035,-9.168107052900347e-05
93082,-0.0019253024811090598
25847,-0.00014392967448496343
54461,-0.00018336214105800695
1027,0.0005631977768842263
55786,0.0003798356358262199
5463,-0.00018336214105800695
54920,0.000969256120130855
117579,0.0008775750496018485
2972,-9.168107052900347e-05
5880,-0.0004452939989348128
85397,1.3111353710214306e-05
80256,-0.0007072258568116113
57708,-0.0015584797935506273
137872,-0.0014668971284640556
147687,-9.168107052900347e-05
10024,-0.00044529399893481256
124808,-0.0003667242821160139
4879,0.0003798356358262187
6584,-0.002174122985275679
10395,0.000772782625362641
55717,-0.00087747664415942
5454,-9.168107052900347e-05
22820,0.002488598663435721
10368,-9.168107052900347e-05
4646,0.0004855786616753237
252839,-0.0002750432115870104
404734,0.0009823674738410567
3434,0.0004060583432466288
2697,-0.00018336214105800695
3768,0.0004191696969568327
84329,-0.0003667242821160139
4133,-0.0001571394336375981
10874,0.002907866765835035
11034,0.0005631977768842272
1029,-0.00018299463913767588
64122,-0.001676383571500044
51435,0.00019662569064111463
5694,-0.0003667242821160139
10811,0.0023969175929067265
50511,0.0006942129085438536
4296,0.00275053052131253
10096,-9.168107052900347e-05
5892,0.004457560159569724
374618,-0.0003667242821160139
847,-0.0005500248852264996
23138,-0.0004584053526450171
6399,0.00028815456529721485
2593,0.0005631977768842304
25825,0.0008513523421814362
29949,-0.00018336214105800695
57496,0.0005631977768842293
54502,0.0004977394137756306
474384,0.000576309130594425
1337,-9.168107052900347e-05
3631,-0.009626414000102963
79649,-0.0002750432115870104
51021,-9.13777489416148e-05
3354,0.001440772826486073
100130892,-0.0004584053526450171
2665,-0.007072356973558586
8692,0.0003798356358262186
6386,-0.00018336214105800695
1852,0.0017170599966675948
7115,0.0024362516540373394
25897,0.00037983563582622026
4804,0.0006811015548336577
84767,-0.00018336214105800695
10204,-0.0004584053526450171
1357,3.933406113062312e-05
222255,0.0026065024413851456
824,-0.00034050157469560263
7408,-0.001597813854681253
51760,0.0005631977768842274
3693,-9.168107052900347e-05
51209,-0.0019253024811090598
54360,-0.0004584053526450171
5158,-0.0002750432115870104
23272,-0.00018336214105800695
79582,0.0001964734947682109
168433,-0.0010869630871954117
131377,-0.0001571394336375964
9441,-9.168107052900347e-05
9464,0.0003798356358262182
29035,-9.168107052900347e-05
55152,0.0003798356358262186
121512,0.0005635691894121504
6909,-9.168107052900347e-05
26279,-0.0004584053526450171
1259,0.0015848993118559006
51676,0.00019647349476821076
8826,-9.168107052900347e-05
4485,0.001232088566216788
23261,-0.0002750432115870104
2356,0.0013228690485366655
440915,-9.168107052900347e-05
7139,0.0019006689005961115
65062,-0.0003667242821160139
7849,-0.0007464615124997985
54861,0.0023575835317761074
9391,-9.168107052900347e-05
1356,-0.000982269068398628
146395,-0.002292026763225081
196883,-0.007635357939557974
661,-0.00018336214105800695
6141,-0.0012179782188550259
201501,-0.00044529399893481343
440738,-0.0002750432115870104
29959,-0.0002619318578768062
1382,0.0003012659190074226
