ProteinID,BP,CC,MF
Q9UBE0,0.624474438,0.577386613,0.384056178
P55286,0.538841271,0.464229171,0.495810384
Q9UKN1,0.488525854,0.507137982,
Q9ULB4,0.584084135,0.469290513,0.54545145
Q9Y625,0.513919984,0.470055245,0.388917759
Q9Y2U2,0.550006493,0.609203104,0.82803253
Q9Y6N8,0.599437107,0.430356345,0.495810384
P55287,0.53881835,0.490214933,0.495810384
P00813,0.415784725,0.514905742,0.461988169
O95267,0.521743032,0.624048206,0.492288833
P55290,0.477011461,0.472147849,0.42062625
Q99996,0.467348398,0.458786486,0.463498522
Q9UJS0,0.489449668,0.52983112,0.520470088
Q16602,0.507703971,0.498606249,0.470851118
Q00535,0.457821962,0.513524595,0.402802137
P78383,0.65322065,0.492739406,0.689819967
Q9NQX3,0.421814565,0.559619529,0.392438374
O14874,0.724208983,0.546804123,0.568896197
Q8IZY2,0.438284327,0.487696405,0.532780553
Q8WWZ4,0.739847408,0.73006424,0.514589168
Q9HCB6,0.525743151,0.633591526,0.484089523
Q9UQB8,0.511077173,0.516256883,0.442118481
O60506,0.533838512,0.495702833,0.644772075
O75838,0.524667099,0.386166809,0.529772803
O75398,0.540842728,0.546614582,0.637327556
P50991,0.444815156,0.477028964,0.598087884
Q9Y6A1,0.496236929,0.551519399,0.569392512
O00471,0.51569528,0.501372151,0.46658472
P49711,0.525761566,0.579068919,0.557244695
Q16650,0.444587788,,0.592078302
Q7Z5J4,0.565353638,0.692685786,0.606406301
Q9UGL1,0.449350017,0.641310993,0.480613367
Q15326,0.534049045,0.614473801,0.48804579
Q9Y2A7,0.514198311,0.431432746,0.545438512
Q08828,0.452744807,0.521193497,0.465907354
Q6PUV4,0.521667865,0.448115191,0.54607171
P01215,0.622807293,0.421249879,0.592642139
Q6ZRS2,0.615881976,0.57862165,0.494125112
Q14296,0.537686164,,0.524676738
Q6P1M0,0.475189825,0.599668214,0.424367471
O60266,0.463957479,0.625059971,0.466143528
Q86UE8,0.515469165,0.536786779,0.573264997
O14646,0.567939159,0.645967703,0.513911563
Q8WZA2,0.575321455,0.606240669,0.614104795
O14647,0.54416741,0.772660939,0.574659401
Q12873,0.570234839,0.614949905,0.570882476
O14522,0.529424549,0.626103921,0.387275769
Q9NZN1,0.504976633,0.531226624,0.461300205
O95622,0.479964261,0.541120696,0.415866399
Q9UN76,0.55668809,0.692664284,0.652349407
P78424,0.532070295,,0.700352732
Q96RE7,0.585033818,0.674021681,
P20309,0.522887141,0.531820833,0.53588862
Q9Y279,0.578189218,0.690841221,
Q15208,0.656003831,0.743608447,0.475740936
O60645,0.683014668,0.470073363,0.541662472
P08912,0.497157252,0.542910651,0.61583878
P43681,0.498055976,0.532243639,0.50942862
P36544,0.492432221,0.530800267,0.419533369
P17787,0.459281279,0.504215411,0.480783736
Q05901,0.52797083,0.51056461,0.523894807
Q96P20,0.474434834,0.577948843,0.558707275
Q8IVM8,0.63262136,0.662698865,0.675270318
Q96RT8,0.608891866,0.610251021,0.777665442
Q96PY5,0.612161939,,0.45448302
Q8IUC8,0.833726359,0.571042125,0.412134467
Q9BZF3,0.406170766,0.641520241,0.56548383
Q8IVI9,0.543898732,0.527716967,0.734722458
Q96DA2,0.535431941,0.533148095,0.451662078
Q99490,0.521435774,0.66493418,0.535264563
Q9UPQ3,0.564614901,0.743319935,0.51051901
Q8TEW8,0.519546301,0.517296354,0.563830901
Q8NGK5,0.56756666,0.678895618,0.877447546
Q8IWU9,0.489772639,0.589187066,0.279011115
Q8WVC0,0.486008752,0.550634566,0.415343384
Q7RTP0,0.792297225,0.565914699,
Q9HBR0,0.526829496,0.571319268,
P21554,0.450486855,0.483103604,0.391404872
P34972,0.476531266,0.516071025,
Q8NGZ9,0.56756666,0.678895618,0.877447546
Q86VI3,0.543831606,0.451961967,0.35132034
Q9H1R2,0.560279712,0.699428803,0.695262739
A4UGR9,0.53945024,0.379128623,0.68999844
P12107,0.464237507,0.527110161,0.421902027
P21964,0.455195268,0.590515142,0.541256904
P55263,0.711404543,0.723189325,0.514167636
Q8WVJ2,0.594111839,0.491448928,0.578229348
Q5T5C0,0.548168539,0.451120609,0.460891869
P48052,0.583316658,0.494414638,0.568805113
P29274,0.477080521,0.533473289,0.455785263
P23786,0.448856635,0.629011363,
Q96NR3,0.424050006,0.678895618,
A1Z1Q3,0.488807489,0.617390759,0.562356634
P0DMS8,0.557112444,0.609203104,
Q96MT3,0.477126088,0.622163247,0.642115852
P49674,0.507185181,0.723856091,0.613901717
Q96NI6,0.434141646,0.450896773,
Q8NHR7,0.811565512,0.507294592,
P35368,0.550514394,0.593155949,0.501368836
P52952,0.453418654,0.629927282,0.553097877
Q8NBF1,0.857773174,,0.596330346
Q6K0P9,0.489036735,0.525385413,
P35222,0.435370181,0.430469879,0.471726713
Q9UQB3,0.556643784,0.545314986,0.534704458
P07339,0.574070197,0.466984877,0.43799743
P08913,0.51756078,0.568308849,0.37613558
O95045,0.834435249,0.40031102,0.360137379
Q9H0F5,0.49267296,0.555294016,0.504679975
Q8IWV2,0.498041129,0.485645458,
P39880,0.540128969,0.674264123,0.614075547
P49238,0.47492074,0.517983883,0.533263833
Q8WU76,0.661285173,,
Q14093,0.609771565,0.395503849,
P04798,0.455763467,0.602962966,0.429992863
Q16678,0.473761914,0.620577851,0.452587673
Q86UQ4,0.734199398,0.632164439,0.514589168
P07550,0.463426859,0.557245931,0.377396831
P10635,0.524384688,0.655374067,0.552711985
P22680,0.500815127,0.675143254,0.305492919
P05108,0.663408367,0.661683725,0.389083914
Q8WUY3,0.441464402,,0.357552035
P15538,0.574871134,0.569911564,0.395725814
P05093,0.660373287,0.537218639,0.295053701
Q8NHV9,0.59803205,,0.662189274
P11511,0.468246302,0.661839396,0.462968728
P08686,0.770647239,0.696904323,0.383859287
P30566,0.531881937,,0.823600424
Q16613,0.526554603,0.668556366,0.39979765
P14920,0.579755214,0.585590713,0.488632287
Q8WXU2,0.468470215,0.589495525,0.522494034
Q8TE49,0.660195189,0.743608447,0.460327807
P09172,0.472595054,0.548262559,0.432295462
P12821,0.44184756,0.564054512,0.461640376
O43602,0.525849038,0.54456864,0.58964807
P20711,0.44662945,0.609996041,0.43510575
O00571,0.506670885,0.50425058,0.431073123
Q8N568,0.476297849,0.564491532,0.465091555
Q96QS3,0.4595633,,0.512593638
Q8WXA8,0.569391826,0.539352548,0.565294446
Q9UBM7,0.514227174,0.588415443,0.392780246
P00374,0.479575783,0.720168423,0.426796333
Q12959,0.444951527,0.448232652,0.393379192
Q15700,0.438450886,0.490951551,0.382184153
P56177,0.481206127,,0.600271532
Q07687,0.483588517,,0.568836938
P56179,0.602815202,,0.650394998
Q09013,0.484171522,0.544969592,0.507477434
Q14204,0.490454097,0.512130825,0.430430187
Q9Y6K1,0.48460779,0.514704525,0.494650166
Q14185,0.551949192,0.582180109,0.577169704
Q8IZD9,0.459155341,,0.473210603
P16444,0.500597683,0.507565274,0.406321712
P27487,0.463168722,0.482279992,0.496961388
P42658,0.497460098,0.591155826,0.447627354
Q12882,0.668731965,0.734499186,0.430499806
Q16555,0.566336452,0.636783199,0.475608472
Q14195,0.504994702,0.437909457,0.388727039
P21728,0.442207704,0.516439004,0.395675029
P14416,0.445518489,0.481628413,0.465065724
P35462,0.455679146,0.452248574,0.414747075
P21917,0.459552479,0.533054793,0.456525081
P21918,0.446607467,0.545660697,0.376851597
O00253,0.454516032,0.428765648,0.711037261
O60469,0.450713233,0.553601098,0.40852268
Q92997,0.562773239,0.550374161,0.500385582
Q13627,0.505838177,0.5603342,0.529449273
P50052,0.454089144,0.560352978,0.467891477
P80404,0.424264167,0.420630727,0.390559111
Q8TAC9,0.561745998,0.535731268,0.661965974
P01133,0.527873614,0.516792922,0.418339617
P11161,0.461896022,0.771281557,0.476612848
P06730,0.476839107,0.478661706,0.47894461
Q12926,0.584859515,,0.657996606
Q14576,0.74171063,,
P19622,0.557599125,0.538007069,0.509518907
Q5VWX1,0.481644701,,0.484257197
Q09472,0.466384318,0.53854671,0.417973514
P29323,0.453723863,0.543819099,0.483507813
Q8NDZ4,0.398926888,0.528720686,
Q9UBY8,0.598786162,0.527170556,
Q15303,0.496411539,0.515330798,0.496965166
P11308,0.659101347,0.622206665,0.623496396
P31749,0.478869276,0.566230177,0.449932065
P03372,0.487167697,0.585024267,0.429866806
Q92731,0.602109999,0.692685786,0.466531071
O95718,0.468843924,0.551895412,0.476020369
P38117,0.478163339,0.642155548,0.495720057
Q16394,0.488302855,0.607711029,0.557453006
P05413,0.457053081,0.53852726,0.483203348
Q01469,0.450333065,0.55479611,0.612812704
O15540,0.45706433,0.503616572,
P30838,0.547048234,0.624191865,0.619943701
Q14517,0.544699995,0.511672101,0.630782558
P35555,0.461609604,0.563608373,0.479418654
Q14CZ8,0.554254256,0.529131832,
Q6NUK4,0.619272289,0.620291688,
Q15652,0.536355762,0.640021723,0.450713024
Q8IZT8,0.47481367,0.554327014,0.449753423
Q7RTT9,0.550055769,0.676278,0.524344639
O75487,0.479067062,0.466980635,
P02671,0.482182285,0.479564467,0.578735853
P04075,0.489940209,0.491013916,0.496064803
P49789,0.552710485,0.605720861,0.559798494
Q8NFZ3,0.453119047,0.457621505,0.467761742
Q7L8A9,0.502311446,0.502308167,0.478321915
Q9Y2I2,0.448435801,0.469139739,0.534946093
Q8WXI2,0.51562245,0.511455246,0.761907987
Q8N2Q7,0.429838659,0.462635367,0.405618184
Q9Y2M0,0.767442079,0.581607115,0.387119966
Q9UPX8,0.461077063,0.540201184,0.465122217
Q13049,0.50182898,0.576874204,0.434293018
Q9Y2I6,0.440707014,0.523052242,0.630782558
Q9UPU3,0.515211231,0.453179433,
Q86UR5,0.571325486,0.484913371,0.520820178
Q8IZQ1,0.426114529,0.465462724,0.461659682
Q9UPW8,0.434187762,0.49778044,0.425152545
Q9Y6X6,0.518924729,0.568808258,0.506286584
O94953,0.658943888,0.629313261,0.663425547
Q9UL68,0.597499926,0.612646112,0.566618156
Q9H3R0,0.520325861,0.586795953,0.457559465
Q12778,0.49383393,0.7058698,0.485741778
Q5JU85,0.475258616,0.451975861,
Q9UPQ9,0.592407981,0.527084287,0.696251466
Q7Z3K3,0.569119035,0.630755033,0.55217585
Q9UPP1,0.50248471,0.694927692,0.484424103
O15054,0.465824109,0.574232096,0.486686975
A2VEC9,0.580479382,,
Q96RK0,0.56162569,0.747586181,0.592109632
Q14156,0.442423562,0.699428803,
Q14689,0.625972892,0.566801819,0.780377537
Q14678,0.503259112,0.615015917,0.555097444
Q7L576,0.452876907,0.431239001,0.404477708
P15121,0.43728975,0.426859596,0.681435331
Q9UPT8,0.892882191,0.723189325,0.548661387
P17948,0.507156116,0.487461129,0.488653895
O43307,0.591147419,0.487999156,
Q9Y2D4,0.6511023,0.422329646,
Q9NQ66,0.475311234,0.52167804,0.440656848
Q7LC44,0.470187845,0.466893585,
O75128,0.429734518,0.500321102,
O75129,0.411094574,0.448387089,0.443023004
Q86US8,0.562841914,0.535939707,0.449554108
Q9NQT8,0.547382747,0.481102415,0.479998548
Q9UPW6,0.494339852,0.548502598,0.575002772
O14529,0.541691145,0.626461381,0.643480377
O94885,0.531045113,,0.467501508
Q06787,0.475093055,0.456110975,0.430943117
Q7Z460,0.491318222,0.467906159,0.435984624
Q8NF91,0.534580665,0.527558907,0.54825393
P51816,0.575096297,0.624060367,0.454151679
Q9H2P0,0.489881793,0.596491146,0.476369705
Q9Y3R0,0.491132952,0.525288068,0.43239465
Q92576,0.5426112,,0.78857946
Q04609,0.587411109,0.618151587,0.418253754
O60885,0.533074215,0.628976961,0.381003596
P14207,0.433965949,0.470788199,0.426471691
Q9Y487,0.495201562,0.510099569,0.430364506
P53539,0.561390048,0.80224231,0.558520402
O95859,0.575709516,0.738600629,0.422697643
Q14181,0.6539579,0.551545764,0.506841329
Q9BY67,0.484955893,0.539839884,0.585577116
P42685,0.584437425,0.497457423,0.552269981
P42345,0.447821722,0.489405482,0.432820778
P01225,0.500284444,0.489244024,0.592642139
Q8N3J6,0.497055945,0.535733372,
Q8WZ19,0.489296396,0.497831432,0.511285812
Q7Z6M2,0.648838166,,
Q9UBS5,0.627784688,0.485296786,0.495547795
P14867,0.499584458,0.452038294,0.582459147
P47869,0.51873483,0.478885562,0.665740052
P34903,0.542576325,0.456919378,0.609089527
P48169,0.520893902,0.456919378,0.665740052
P31644,0.492584363,0.481031186,0.569861475
Q16445,0.542576325,0.44851511,0.665740052
P18505,0.510817212,0.471204746,0.609690475
P28472,0.46933854,0.469000499,0.613929473
Q8N1C3,0.542576325,0.459983963,0.570659713
Q99928,0.540305348,0.474558696,0.665740052
Q99259,0.452470259,0.419127225,0.393456464
Q05329,0.487238648,0.472889614,0.395766451
Q9UI40,0.57863515,0.609203104,0.577216102
Q9NUX5,0.533980809,0.64145577,0.441971813
Q8IZT6,0.450671293,0.476061016,
Q96ST3,0.480689546,0.556888839,0.464070093
Q9UQN3,0.446389828,0.504554285,0.601114206
Q9UHC6,0.450232232,0.481833156,0.785667426
O94991,0.464009636,0.574432391,
Q8WXX7,0.415142972,0.599529301,0.61090703
Q9BXF6,0.481396168,0.541576257,0.489157144
Q6Y7W6,0.464267571,0.527789885,0.51038182
Q52LR7,0.595075106,,
Q9HC78,0.552231343,0.693699369,0.568200646
Q15619,0.529651183,0.678895618,0.877447546
O43903,0.447167027,0.562479126,
Q96R27,0.529651183,0.678895618,0.877447546
Q96FV3,0.589168431,0.472416031,0.475145605
Q9NP60,0.479732073,0.569977524,0.943753799
P30793,0.456937144,0.604480751,0.420309024
P30047,0.500955287,0.588773467,0.379627225
Q9UL03,0.946931733,0.547749508,0.639035805
Q9UL18,0.504220904,0.534477775,0.502751827
Q96EB1,0.561878328,0.492574632,0.387730076
P59103,0.601050699,0.60783745,0.487753958
Q92847,0.436899712,0.47686416,0.444413707
Q9UBF2,0.706982036,0.565961125,
P17302,0.479057876,0.527109966,0.694411432
Q7KZF4,0.530238856,0.528646584,0.477430733
Q9UN19,0.622596938,0.748517318,0.565111519
Q9H334,0.452037926,0.712333211,0.527116709
P23109,0.659832726,,0.332814433
Q9NRI5,0.486619397,0.457872812,
Q9UQ52,0.481026851,0.422381128,0.345163534
Q9BZA7,0.618464496,0.609203104,
Q9UEW8,0.507934035,0.580123112,0.584162703
Q96HU1,0.472435754,0.404637104,0.503800594
Q04760,0.504524612,0.692866491,0.293978759
P23416,0.513202195,0.477109812,0.562182489
Q9BXF3,0.482732339,0.385507218,
P48728,0.653729117,0.598347378,0.453388844
Q5JWF2,0.458577306,0.529585546,0.439691726
P43304,0.492304234,0.453491607,0.528464654
Q9NPD5,0.739939775,0.658319171,0.815782483
P25391,0.508908778,0.536870561,0.459137371
Q99705,0.571796265,0.514632109,0.419099907
Q8IVB4,0.667119884,0.526245885,0.604026966
O15354,0.461779155,0.547106729,0.464046395
P07203,0.431980221,0.539574665,0.532847423
Q01484,0.491313117,0.463529919,0.456934677
Q12955,0.460558407,0.433329176,0.471630983
P42261,0.47968793,0.477670001,0.46682242
P42262,0.537609831,0.490239014,0.469688583
P42263,0.515616885,0.441466495,0.482727193
Q9ULK0,0.461695594,0.487497016,0.826779732
O43424,0.46142034,0.497660816,0.474855675
Q13002,0.489890919,0.480380771,0.425115449
Q13003,0.527522645,0.507586547,0.732899011
Q16099,0.520635038,0.522061492,0.783875053
Q16478,0.48779357,0.488030755,0.469007197
Q05586,0.451327062,0.510939964,0.434289572
Q12879,0.450783025,0.522736763,0.445055998
Q13224,0.477959089,0.550840771,0.419896996
Q9BYW2,0.438748061,0.614473801,0.530376671
Q9UI47,0.530964391,0.42962636,0.508856309
Q13255,0.469457487,0.474276794,0.544252746
Q6UB99,0.557191091,0.706542009,
P41594,0.474736712,0.527295245,0.427083018
Q14831,0.474568016,0.494900085,0.336441041
O00222,0.599146921,0.624579472,0.712468475
P30550,0.548136803,0.609203104,0.59514248
P09488,0.415892277,0.539671463,0.392336388
P09211,0.47870735,0.562431969,0.332668636
P78347,0.575425388,0.713147971,0.650430813
P33402,0.545767694,,0.446285148
Q9UIF8,0.557367522,,0.723478689
P04083,0.463367185,0.479924503,0.393306951
O43612,0.50856266,0.487410377,0.644303406
O43613,0.536519021,0.609203104,0.429739003
O43614,0.496297686,0.609203104,0.522602759
Q00341,0.428979487,0.56941771,0.568632673
Q30201,0.436064044,0.439265117,0.418898786
P14210,0.493239417,0.517586234,0.512994281
Q02297,0.467455997,0.527337501,0.529170363
P01911,0.487949091,0.515644119,0.303580876
P17693,0.491753546,0.475228387,0.538003612
P09429,0.477357063,0.472011145,0.415949827
P05114,0.444437958,0.654443225,0.696342507
O14727,0.495467034,0.538616238,0.523984143
P55795,0.875064018,0.608738326,0.696251466
Q00839,0.464542554,0.468236482,0.485652935
P49639,0.494324014,,0.602888151
P14653,0.525956935,,0.590687281
Q99767,0.533195792,0.513561436,0.507834738
O00213,0.569106414,0.507180373,0.448373791
P31277,0.534316641,,0.509518907
P35452,0.533886429,0.570328716,0.610209624
P35453,0.499481052,,0.578069869
P25054,0.508618376,0.463375637,0.444910265
P01112,0.525785312,0.589130842,0.50247694
Q14469,0.456349828,0.717134199,0.523329308
P28845,0.471084187,0.757440646,0.429318133
P37058,0.576234611,0.679965826,
P37059,0.471595662,0.770071109,0.838738089
P51659,0.542278915,0.621317305,0.392685412
P08908,0.484267354,0.545853268,0.462832985
P28222,0.449922352,0.488717267,0.459461531
P28221,0.538815433,0.545853268,0.823577174
P28566,0.691164091,0.545853268,0.536835852
P28223,0.471610311,0.517852205,0.39831518
P28335,0.489443988,0.545853268,0.468285244
P46098,0.53196675,0.508580342,0.471279601
P47898,0.533434355,0.485043772,0.564746877
P50406,0.540809175,0.572348059,0.683633639
P34969,0.526701582,0.545853268,0.670505234
Q05084,0.464452139,0.593274271,0.745115016
Q86YS6,0.454314037,0.525813441,0.515114776
Q2UY09,0.525039978,0.540378726,0.528980194
O14513,0.633336199,0.452681951,
Q5MAI5,0.59394992,0.743319935,0.375757755
P05019,0.493250682,0.411704619,0.59757746
P01344,0.521660534,0.456023642,0.59341061
P02649,0.439731042,0.491328357,0.408779873
Q7Z3Y9,0.461565737,0.539032923,
P18510,0.513339446,0.66105271,0.612488939
Q12905,0.570507524,0.52516439,0.64801191
P55087,0.514086154,0.627757403,0.605877967
P49441,0.68319279,,0.484684781
P13612,0.438571,0.482383373,0.415499179
P10275,0.484295514,0.644598962,0.455439726
P05106,0.458667047,0.450636427,0.385079356
Q14643,0.476691918,0.477900205,0.447478046
Q92833,0.486987911,0.603806556,0.438548113
Q9NZV8,0.487256831,0.529489728,0.529646062
Q9UK17,0.60155838,0.474141752,0.543839593
O00468,0.48931055,0.517075611,0.392844938
P48549,0.563707317,0.473619248,0.651719394
P78508,0.453068709,0.556455259,0.518318885
Q99712,0.628270959,0.609203104,0.426248199
Q12791,0.452737302,0.644923098,0.545935379
O43526,0.504818384,0.513156641,0.461472716
O43525,0.467568677,0.496861347,0.525909318
P35968,0.490552919,0.524252856,0.456978529
O60282,0.591428346,0.491274523,0.541677558
Q14954,0.705836222,0.678895618,0.639035805
Q14953,0.943757618,0.717705454,0.344072774
Q14943,0.794088918,0.609203104,0.400737203
P0DPK4,0.447014806,,0.630782558
Q7Z3S9,0.51316947,0.602609118,0.500004632
A0PJY2,0.494907577,0.753006221,0.555320462
P07942,0.520802775,0.522595217,0.664427452
Q6ZNB7,0.620341777,0.651175267,0.269271031
Q14847,0.733905031,0.452823544,0.510281924
Q13017,0.493943525,0.673858272,0.44435249
P41159,0.438300787,0.5782305,0.590199049
P48357,0.458667484,0.539924438,0.474156327
P01229,0.549589672,0.514598372,0.794049154
P22888,0.482654002,0.556169798,0.388485931
O60663,0.60655909,,0.646074743
P98164,0.451741749,0.48196947,0.453794345
Q14444,0.635195466,0.525623503,0.696251466
Q13485,0.447081574,0.531578143,0.479978344
Q16515,0.475565011,0.547755992,0.400737203
P21397,0.549224879,0.534106029,
P27338,0.435096515,0.510106266,0.399019683
P08842,0.465287691,0.62546194,0.527535386
P10636,0.454841855,0.476725705,0.4442233
Q9P0L2,0.542298873,0.570707725,0.474779869
P56270,0.623756119,,0.623909897
Q9UIS9,0.699362596,0.579143376,0.510129754
P41968,0.517614188,0.609203104,0.450051004
P32245,0.487042106,0.693382837,0.429726626
P33991,0.485024315,0.529411925,0.491389187
Q14566,0.485024315,0.498073206,0.509926963
P33993,0.51620162,0.573972717,0.559367422
P51608,0.45021255,0.557041464,0.476253227
Q06413,0.450068415,0.572374916,0.492542421
Q5EB52,0.41237506,0.623340066,
P08581,0.481975703,0.540186493,0.471449409
P08582,0.500203981,0.486110881,0.539895274
P14174,0.504936547,0.565008782,0.491475506
Q03164,0.483384237,0.633227775,0.462543123
P08235,0.636961615,0.593763549,0.514593169
Q7Z4N2,0.460560456,0.426879262,
Q99583,0.58632387,0.712333211,0.588195897
Q16653,0.53913445,0.639057316,0.40632867
P46597,0.66983022,,0.556445662
P22303,0.453172819,0.494487112,0.420774317
Q9P219,0.508843898,0.575304644,0.380496024
P26038,0.438444223,0.461726305,0.523220375
P21757,0.451808885,0.513742135,0.443543602
P04731,0.544433518,0.684530265,0.754729121
Q14872,0.591439332,0.712333211,0.588460527
P42898,0.478670099,0.552812172,0.403527925
P48039,0.582802235,0.532592561,0.513744521
P49286,0.496447998,0.609203104,0.560415989
Q99707,0.486226465,,0.383420375
Q9UBK8,0.592110229,,0.444418994
P15941,0.503610351,0.543615829,0.488459254
Q99102,0.46016432,0.59763113,0.241495885
Q9Y623,0.540172158,0.51595364,0.421236726
P35580,0.450650773,0.43889055,0.436105939
O94832,0.471557853,0.459826283,0.395527734
Q12965,0.464978048,0.470754783,0.49052678
Q9Y4I1,0.447206162,0.462577602,0.475750567
Q13459,0.496826234,0.526465608,0.453406917
Q99608,0.478693031,0.544781905,0.377378959
Q16718,0.440774822,0.742490774,0.456565412
Q9Y295,0.519399657,0.594544422,0.478510474
P46934,0.455506561,0.488460121,0.370362618
Q9P2R6,0.47385626,0.488586489,0.538027912
Q92859,0.474831865,0.594020972,0.493921246
Q92886,0.448831424,0.493017631,0.548498318
P21359,0.454210154,0.604542593,0.458719288
P05023,0.465218101,0.512547583,0.397801243
Q12857,0.515120845,0.620465413,0.55297626
O00712,0.445452149,0.40975488,0.611933408
Q16649,0.585361956,,0.630280346
P13637,0.438583415,0.52068771,0.375844018
P01138,0.532831009,0.540759579,0.462901685
P08138,0.501561921,0.596270031,0.445858721
P29475,0.471193296,0.479717677,0.373764728
P35228,0.472387589,0.548992483,0.431980716
O75175,0.533038801,0.455306941,
P01303,0.491832294,0.468681313,0.496837334
Q99743,0.559116187,0.641153073,0.558591579
P47972,0.447881287,0.481080154,0.622434364
P25929,0.508937148,0.609203104,0.659711027
P49146,0.473851877,0.486358242,0.506655276
Q15761,0.456854817,0.646375846,0.935438027
Q92823,0.469681313,0.514230321,0.428499213
P20783,0.521499583,0.559462666,0.641654451
P34130,0.456951026,0.559462666,0.591360526
P04629,0.477073978,0.511141475,0.410487458
Q16620,0.475440148,0.516745045,0.447613549
Q16288,0.492943566,0.505034252,0.4140056
Q01814,0.548596983,0.500446087,0.472684873
P30990,0.665848258,0.418991502,0.50513872
P43354,0.475546713,0.617561709,0.481556932
P23515,0.455328942,0.481689569,
O60890,0.484643797,0.48504613,0.393464745
P41143,0.517494565,0.528204455,0.447734103
P41145,0.457343302,0.581764154,0.447734103
P41146,0.438864138,0.584085708,0.45345151
P35372,0.468346536,0.49029083,0.379018564
P32242,0.454218587,,0.601584227
P01178,0.456324133,0.439036303,0.415626661
P30559,0.450662716,0.490343958,0.395129698
Q93086,0.529830327,0.563192659,0.484755736
P43034,0.442612585,0.458056685,0.415531057
P00439,0.59744506,,0.28504241
P05121,0.482119761,0.55882331,0.511476004
Q13177,0.551353724,0.58364836,0.503993177
Q9P232,0.538744797,0.511190635,
O60260,0.468135338,0.479354591,0.443832282
Q02548,0.508559401,0.665383398,0.601584227
P26367,0.45142561,0.672370078,0.46706827
Q9NYW7,0.488226806,0.678895618,0.805392234
P61457,0.478080738,0.689170928,0.405322472
Q9Y566,0.443043697,0.506869032,0.414846532
Q9HC56,0.894231688,0.403156081,
Q96BI3,0.525158487,0.541188182,0.566315507
Q4FZB7,0.387077427,0.57609265,0.88604172
Q9HD42,0.48996539,0.440027413,0.567577811
Q9BTA9,0.526652207,0.647518626,0.50149902
Q15116,0.503531372,0.639057316,
O95071,0.502410322,0.67029618,0.482815573
Q9UPN9,0.64963204,0.712333211,0.493409977
Q9BZJ4,0.469147351,0.523044546,
Q9UH90,0.569247754,0.734499186,0.417920128
Q9UBU3,0.462082182,0.447490904,0.455886066
Q9NZC7,0.518993907,0.584605204,0.543132223
P16284,0.47563878,0.480772754,0.701660507
Q9BSW7,0.550613786,0.455837564,0.479165865
O15534,0.502266094,0.723856091,0.52915195
O00628,0.501028409,0.658515956,0.513459534
O94921,0.55005587,0.588999767,0.450778809
P08183,0.451954077,0.623093752,0.585913126
P35232,0.543744813,0.606088246,0.441905738
O75151,0.484834566,0.687424703,0.436869658
P27449,0.533405381,0.521805164,0.502076497
P42336,0.484085565,0.528471518,0.52909312
P48736,0.469308424,0.518741914,0.57544469
P27986,0.506366264,0.501752191,0.37707099
P78337,0.545060174,0.610076122,0.588192869
O75364,0.476745387,0.541824135,0.533100671
Q03405,0.545875763,0.504584848,0.535601766
Q9H165,0.515891576,0.626805667,0.576486611
P26678,0.486386582,0.510212675,0.484431193
O95983,0.521935777,0.608702577,0.642222811
O43157,0.530264779,0.478465826,0.463435655
Q13519,0.598151335,0.571589778,0.537828085
O94779,0.456111042,0.469722642,
P60893,0.892364338,0.61509601,0.610716268
Q9NZ94,0.450377298,0.445613642,0.467761742
Q9P2N5,0.420380977,0.627547281,0.656664355
P01189,0.532781623,0.517035143,0.737385047
P27169,0.494354907,0.58614267,0.403318425
P16435,0.444804526,0.710561763,0.458604916
Q8TAG9,0.6511023,0.502285482,
Q8WZ75,0.476867037,0.569077197,0.390886198
Q9UJ55,0.466875219,0.584380487,0.558660335
Q9NXR8,0.554944974,0.545752934,0.403463575
Q9BYB4,0.606439855,0.452890834,
P46100,0.44856182,0.598855447,0.472083425
Q9NQW8,0.649755472,0.365170462,0.500482135
Q9NWB1,0.526031331,0.599744634,0.593050363
Q4G0P3,0.424406543,,
Q6N021,0.490029596,,0.522099719
Q8N157,0.43556775,0.484826025,0.761907987
Q6P1N0,0.58117605,0.619775528,0.500653038
Q2TAL8,0.727082822,0.712333211,0.758452548
Q9NXB9,0.727429625,0.643321135,0.576816878
Q8WWQ0,0.613202103,,0.437198918
Q9H900,0.505380738,0.598490033,
Q8TBJ5,0.463255301,,0.598252969
P30154,0.423152815,0.458691088,0.42902267
Q9C0A6,0.589001646,0.565112943,
Q9NVH6,0.502922964,0.566836111,0.441318059
Q9NV29,0.455253846,0.536148906,0.928810607
Q14738,0.561177202,0.582316949,0.495448439
Q7Z6B0,0.600148813,0.620929398,
P37288,0.436324242,0.556169798,0.353685603
P60510,0.461185918,0.572838124,0.45612079
Q8IZD6,0.825566535,,
Q6J9G0,0.533596358,0.579086519,0.511056026
P47901,0.504605412,0.556169798,0.280303288
Q96HZ4,0.601283289,0.570328716,0.586309293
P51805,0.474287491,0.598966217,0.578225847
Q8TD57,0.743687804,0.754017168,0.378408886
Q8WZA1,0.969537175,0.665241854,0.462409016
Q9ULM3,0.646539514,0.385593089,0.472347289
Q8WUM0,0.454507801,0.458521248,0.439260186
Q9P267,0.452052928,0.511035313,0.523980406
Q8IZS8,0.493538613,0.446944611,0.421271918
P05771,0.508365901,0.571277314,0.408252413
Q9NR48,0.440142924,0.542706067,0.485020984
Q8IZD2,0.468401086,0.591526972,0.527465289
Q96RT1,0.461225091,0.466079624,0.501183257
P78527,0.484612463,0.547308853,0.536643986
P27361,0.478855057,0.536131349,0.434990698
Q02750,0.502571744,0.588365554,0.479840902
P36507,0.567900806,0.525465672,0.475694368
Q9Y5I4,0.639493579,,
Q9H158,0.639493579,,
Q9Y5I0,0.894231688,,
Q9UN75,0.894231688,,
Q9Y5I1,0.639493579,,
Q9Y5I2,0.639493579,0.537689034,
Q9Y5H6,0.639493579,,
Q9UN72,0.553309609,,0.519266043
Q9UN73,0.639493579,0.537689034,
Q9Y5H7,0.639493579,,
Q9UN74,0.639493579,,0.637318863
Q9Y5H8,0.639493579,,
Q9Y5H9,0.639493579,0.63157995,
Q9Y5I3,0.639493579,0.529232287,
Q96MG7,0.556489415,0.549023034,0.737735837
P01236,0.499611382,0.444075163,0.502954757
P16471,0.468291847,0.496134733,0.4144785
O43272,0.560299789,0.661683725,0.257234198
P25311,0.51721117,0.592615511,0.412943463
P78509,0.450180007,0.560890261,0.466340607
Q9HD89,0.502463733,0.552440447,
Q9BZC1,0.466873869,0.622206665,0.571146945
Q7Z589,0.605554783,,0.701660507
P10082,0.560067963,0.541344457,0.656368401
O60312,0.618245731,0.659223201,0.49633211
Q6U841,0.485562422,0.505898013,0.67705085
P60484,0.449619838,0.497138993,0.439230813
P43119,0.540247365,0.640862794,0.419720222
P35354,0.446930421,0.558204532,0.474345206
Q9NR09,0.535615623,0.488642233,0.49949009
Q9H2X9,0.472985217,0.717705454,0.867034182
Q8TAM6,0.53198216,0.431690168,
Q05397,0.507282907,0.514603551,0.47540565
Q8NFD5,0.590781432,0.580428953,0.630239924
Q9ULH7,0.497919741,,0.525432279
Q9ULH4,0.53821101,0.511000659,
Q8N0W4,0.448296892,0.475728048,0.443781659
Q9P2P5,0.54081812,0.488285413,0.526993307
Q8TAB3,0.632026909,,
Q86YT6,0.493196492,0.587709675,0.546122276
Q13308,0.472821421,0.591448813,0.466720304
Q8NFZ4,0.434053522,0.469802097,0.448764794
Q9P2E7,0.894231688,,
Q9P2D8,0.495948761,0.678895618,
Q8TCU6,0.533978498,0.526600923,0.577299424
Q63HK5,0.573507731,0.563831868,0.612122774
Q8N608,0.508638927,0.626977885,0.390308279
Q96L91,0.875751484,0.591545569,0.495723229
Q9P1Y6,0.815784746,,0.483270681
Q9HCK8,0.51925664,0.626046066,0.440785969
Q06124,0.459791616,0.690538545,0.41163697
P23467,0.676797036,0.523603634,0.420796093
P08575,0.479636678,0.52785333,0.440055105
Q92932,0.548938051,0.497015448,
P23471,0.498320814,0.506966926,0.602672181
Q03393,0.552073836,0.694778832,0.565091114
Q9UKA9,0.425040674,0.508146854,0.840339217
Q96JM2,0.619017949,0.506807481,0.55217585
Q8NEZ4,0.481364562,0.631107953,0.507477112
O95886,0.438518718,0.49176982,0.507834738
Q96RK4,0.447120248,0.501444253,0.447487469
P09417,0.469457986,0.609287961,0.348607006
P61019,0.526317341,0.572438583,0.544289735
P20336,0.458259006,0.498831746,0.379402199
P04049,0.510014706,0.545628085,0.487383635
P10276,0.48888009,0.550452897,0.440491222
P10826,0.514557965,0.650538629,0.474503604
P13631,0.492209581,0.610895821,0.506276316
Q5T1R4,0.642571127,0.743319935,0.594378369
Q9BZL1,0.557266644,0.743319935,0.406856635
P10415,0.45467182,0.565917913,0.472714634
P35251,0.574984735,0.541756994,0.56136009
P48380,0.52764329,0.523869762,0.671975939
P49802,0.624709758,0.699428803,0.342910764
Q99578,0.584077179,0.521964065,0.472734128
Q96J87,0.408280755,0.652652374,0.840339217
Q9HCK4,0.436161512,0.531144732,0.504269998
P27635,0.497873983,0.603325844,0.475113643
Q15349,0.670084196,0.723856091,0.512203006
P51812,0.556932612,0.704228544,0.482680962
P19793,0.437849153,0.609075973,0.450947911
P28702,0.547472862,0.712333211,0.557244725
P48443,0.513668153,,0.491034485
Q15413,0.512269778,0.466411653,0.501050603
P23560,0.461006009,0.53461077,0.591360526
O95248,0.534184181,0.654054134,0.467859092
P35498,0.488312365,0.436895589,0.757071564
Q99250,0.456666285,0.462869189,0.757071564
Q9NY46,0.536048204,0.483435341,0.757071564
P35499,0.504617321,0.495119836,0.567805654
Q9UQD0,0.485787443,0.459107416,0.531861083
Q15858,0.471452752,0.495119836,0.443579881
P22307,0.475870069,0.610885824,0.392924962
P09683,0.46485865,0.648800072,0.606485262
Q93088,0.495093603,0.616597028,0.305626968
P34741,0.561029702,0.47516808,0.597022899
Q6PIW4,0.466009424,0.577215516,0.549938805
Q9HBW1,0.435861131,0.475818448,
Q9HAP6,0.568903639,0.489913804,0.722687099
Q9H1B7,0.544145335,0.572285055,0.587073904
Q96MS0,0.433447483,0.570691049,0.530329128
Q9H4I0,0.550995598,0.503225891,
Q96L73,0.544551347,0.640021723,0.45363625
A8K5M9,0.559665875,0.639852719,
Q9UJ99,0.571278871,0.481643514,0.495810384
Q96PZ7,0.411640041,,
P05408,0.549838941,0.459724275,0.48619643
O75420,0.536661374,,
P34896,0.510600465,0.710602255,0.395860297
Q96QI5,0.500515045,0.554327014,0.962378211
O15266,0.523364356,0.747680883,0.676973371
Q9H6S0,0.444553923,0.632245354,0.470464309
Q9H2T7,0.703891288,0.488817775,0.322917146
P43005,0.633655006,0.655552533,0.52181499
P43003,0.493775955,0.58803435,0.515724007
Q9BZI7,0.577696533,0.620939213,0.541762882
Q96QU1,0.53488362,0.450506445,
Q9BYP7,0.567271062,0.586659135,0.495215303
P30531,0.480477781,0.545003425,0.455454916
P23975,0.546016203,0.566892831,0.490247541
Q01959,0.443604148,0.503792264,0.436218669
P31645,0.454202533,0.492381641,0.401104209
P48029,0.4542626,0.717705454,0.544394258
Q9BZW2,0.704616111,0.678895618,0.699606882
P41440,0.646545269,0.69818136,0.527909212
P51532,0.522895241,0.594015352,0.420678353
Q8TAQ2,0.605446462,0.675362187,0.536669811
Q99835,0.441480726,0.543397428,0.493937345
P60880,0.51184709,0.468961078,0.437907184
P63162,0.679199249,0.638960156,0.696251466
P00441,0.451772767,0.542172348,0.45003298
P35711,0.501719448,,0.692126653
Q03001,0.502551603,0.456382454,0.500896864
Q9UBP0,0.489024599,0.53678806,0.476279279
Q13103,0.510530973,0.414665525,
P35270,0.531226707,0.635827541,0.421602755
P18405,0.468281824,0.476995733,0.471318496
P31213,0.532123373,0.702009259,0.653685481
Q08945,0.633822318,0.686572165,0.613637388
P35346,0.546992304,0.609203104,0.481058072
P51587,0.460140839,0.512447199,0.436730634
Q16623,0.501397322,0.467277445,0.397551797
P61764,0.457574556,0.513970031,0.508125113
Q06520,0.557179366,,0.597279201
Q10588,0.522050976,0.433814606,0.510582493
P17600,0.515850599,0.487511696,0.519939055
Q92777,0.462363763,0.487864726,
P20366,0.465650837,0.542631149,
P49848,0.570644642,0.595240352,0.517153353
O43435,0.489758223,,0.586642648
O60907,0.600367741,0.50902933,0.48057085
P15884,0.608563365,0.582308531,0.504145873
Q9NQB0,0.500256902,0.52127099,0.478862718
Q9UGU0,0.914018479,0.707916973,0.634248253
P20062,0.396344474,0.476205059,0.537211874
P48775,0.516935798,,0.455867157
O75443,0.453264614,0.532201227,
Q15554,0.526528662,0.539904444,0.463099789
P10589,0.610772399,0.723189325,0.516283304
P10646,0.536224464,0.512325696,0.959943504
P01137,0.460045889,0.494351618,0.499610642
P07101,0.452334686,0.527702853,0.400797012
P07996,0.484570377,0.472517647,0.392159131
P10827,0.484636708,0.654358316,0.473112773
P30536,0.434282022,0.549995814,0.348028807
Q9Y466,0.464269395,,0.500694997
P41732,0.604701061,,
P01375,0.487721973,0.497566342,0.530694003
P04637,0.499945572,0.585435123,0.456421826
P17752,0.429100766,0.589187066,0.279011115
P07202,0.474865932,0.54614232,0.424489064
O75962,0.552168378,,0.547844112
P0C0L4,0.608871003,0.513713538,0.302909231
P0C0L5,0.560847899,0.500505887,0.348458897
Q9Y210,0.488809212,0.541563418,0.424778475
Q92574,0.466071179,0.491263932,0.407014361
P49815,0.508526868,0.559932242,0.498281034
Q99598,0.540955221,0.674845983,0.54041102
Q8WZ42,0.473600684,0.544441281,0.44485261
P50607,0.470764113,0.628877028,0.455636304
P14679,0.463942922,0.575938281,0.475705874
P49459,0.578052785,0.546103517,0.523720611
P62256,0.727752491,,0.565485556
Q05086,0.516801293,0.571724256,0.635626561
O75445,0.516069075,0.43240894,0.489220291
O15550,0.465144301,0.631107953,0.486017049
P11473,0.4960656,0.602303342,0.431117768
P15692,0.474948067,0.516093502,0.50399534
O15240,0.498280221,0.597814071,0.583304956
P09327,0.480927516,0.458643483,0.472781241
P32241,0.739574343,0.532592561,0.42781194
P98155,0.462843183,0.517802383,0.335774059
Q8NER1,0.434626425,0.588304295,0.478992195
O76024,0.500222492,0.509100109,0.47381165
P04628,0.446473787,0.520565121,0.544308377
P09544,0.473486698,0.443824907,0.672139198
Q9Y4D2,0.400506596,0.460232444,0.615938205
O14980,0.529146706,0.552132013,0.460136255
P31946,0.523030171,0.560953325,0.507712159
P62258,0.470773264,0.529020386,0.449185069
P63104,0.514053256,0.573976697,0.5407123
P23280,0.399900054,0.656495351,0.346857138
Q05516,0.503097037,0.608564298,0.562191788
Q00975,0.499764087,0.541044811,0.460572605
Q01668,0.50510927,0.401653743,0.548863001
Q15878,0.559828794,0.446944611,0.369389411
O14863,0.45425699,0.551474425,0.42791267
O60840,0.49083219,0.489334515,0.570830372
P54289,0.512261188,0.47575878,0.622029994
Q92626,0.502112553,0.610904786,0.362731804
Q08289,0.475448378,0.45938451,0.632561708
P27930,0.500794083,0.644231802,0.444294121
Q93009,0.510651128,0.610505047,0.515638622
Q9BV36,0.731832388,0.464432561,0.535874658
Q96N66,0.478338377,0.587009519,0.666593241
P05937,0.458922343,0.515626377,0.501527149
Q8NEM0,0.465514526,0.649120122,0.761907987
Q9BZK7,0.51632847,0.50902933,0.461069247
Q9H9B1,0.53724663,0.619635151,0.517802764
Q9NRC1,0.567920332,,
Q9H3C7,0.558626454,0.702482007,
Q9BZ76,0.530569205,0.63196689,
Q92794,0.567805172,0.59849988,0.489215988
Q8WYN3,0.594675762,,0.704185674
Q9BXJ9,0.538527747,0.575840013,0.478566538
O15078,0.488705179,0.533603487,0.546784208
Q86XK2,0.661996176,0.608892872,0.492793339
Q17RY0,0.470692398,0.520313117,0.520965818
Q5ZPR3,0.575954523,0.703871076,0.759745983
Q9C0F0,0.554746814,0.474377143,0.476049014
Q92186,0.553633726,0.565124372,0.255760024
Q01650,0.53948975,0.684686858,0.562728574
Q16566,0.524960283,0.544945001,0.412113536
Q9GZM8,0.459134253,0.446452613,0.501495183
Q9UQM7,0.452563042,0.510718649,0.517060315
Q8N8Q9,0.997275491,0.565914699,
Q13554,0.536892244,0.528058506,0.527770486
Q8NF50,0.414883265,0.595987846,0.607504108
O43707,0.495243804,0.484077488,0.461465259
Q8N653,0.572947654,0.395504308,0.468932629
P53675,0.518511833,0.514908345,0.462926401
P41229,0.564975519,0.641310993,0.492935754
O00507,0.578729474,,0.629037926
Q8IYT4,0.743982907,0.622325572,0.486643526
P58107,0.481690488,0.423617978,0.458566656
Q9BY79,0.56158876,0.691212064,
Q8WWW0,0.58203063,0.627723616,0.658815118
Q8TCZ2,0.470498923,0.546502027,
Q96Q05,0.477739759,0.55101894,
P42574,0.464955571,0.536603746,0.451262274
Q96T68,0.45462839,0.640052206,0.50433977
Q9BXK1,0.667370683,,0.555320462
Q96T52,0.448965745,0.474820577,0.907687584
Q8WZ74,0.391556512,0.431378797,
Q14515,0.619052582,0.48903538,0.459668213
Q9BW62,0.544331982,0.645060582,0.494520257
Q9UD71,0.52473537,0.498537853,0.521166131
Q6Q0C0,0.527020622,0.609490011,0.546122276
Q8IUD6,0.537544517,0.734499186,0.554278271
P55211,0.497375923,0.606331535,0.514875288
Q9BXL7,0.510399917,0.498629966,0.382847623
Q9BRK4,0.438328734,0.553836743,
A6BM72,0.399582702,0.662698865,
Q96KG7,0.398032655,0.54695179,0.298720626
Q14183,0.464972164,0.508543963,0.546701033
Q13618,0.48052445,0.51560598,0.445248679
Q8IZU9,0.444219108,0.559830414,
O75665,0.52125493,0.582364356,0.565275617
Q5VU57,0.641659125,0.574110202,0.38549814
Q8WY07,0.832264755,0.678895618,0.840795289
O15297,0.527364842,0.723189325,0.508394046
Q0VF96,0.451250266,0.346919614,0.504516693
Q13136,0.486717962,0.501982299,
Q70EL2,0.707515006,0.717134199,0.395354814
Q9BYB0,0.440046949,0.546311618,0.426372355
Q9C0A0,0.47755551,0.469919196,
Q155Q3,0.480515783,0.526595474,0.576401045
O43583,0.411834889,,0.611025941
O14936,0.482445489,0.465232359,0.449014404
O75746,0.435301091,0.559566098,0.473833366
Q9UFH2,0.682968736,0.754017168,0.378408886
O75821,0.389776835,0.535126574,0.64312807
P0DN79,0.793970921,0.743319935,0.362296662
P35520,0.692237798,0.743608447,0.393473029
O60462,0.429849012,0.502766513,0.462925506
Q96PV0,0.483202438,0.504380619,0.370072449
Q92831,0.483819873,0.480711488,0.454995161
P06307,0.469483078,0.558224365,0.681669236
O15055,0.478104204,0.625648534,0.513435853
O43426,0.468953058,0.491778798,0.565780148
Q9P0X4,0.485722015,0.446944611,0.563149427
O95180,0.466609976,0.640996867,0.487506811
O43497,0.504923926,0.527800942,0.540440018
O95243,0.580681934,0.630160295,0.448850263
O95985,0.419476409,0.549090587,0.540047569
O15460,0.485236826,0.670830367,0.438191599
Q8IVL1,0.478632396,0.382321912,0.541103402
Q3KRB8,0.567168481,,
P51959,0.572844171,0.591480523,0.483996083
Q15572,0.521847257,0.674868491,0.420488661
Q13591,0.46636704,0.702911586,0.493593331
O14981,0.482263068,0.747680883,0.524434695
Q9UM01,0.51717237,0.658319171,0.882791839
Q9BQ87,0.633552692,,
Q9UQE7,0.464577071,0.499178877,0.421693144
Q9HCM2,0.439472286,0.453656072,
Q7Z570,0.728975311,0.558607977,0.753816561
O95264,0.569391826,0.488254607,0.630628546
Q6ZP65,0.472813633,0.575304644,0.357085683
O95153,0.502745958,0.516219915,0.362113387
Q8NFT8,0.462817279,0.544786327,0.465384942
Q05519,0.679982685,0.680600863,0.696251466
Q14669,0.523075227,0.678138846,0.469504484
Q9UL54,0.519822668,0.533679795,0.398327863
Q13427,0.490197832,0.635046744,0.437803054
Q86UW7,0.455364771,0.501311176,0.568229046
Q9Y4C0,0.555613029,0.609203104,0.444160502
Q15848,0.463785791,0.479761935,0.534306667
Q9ULB1,0.425891578,0.488089109,0.430754203
Q9P2S2,0.44657245,0.559857961,0.40902814
O15409,0.436955574,,0.569032651
Q96A49,0.489480293,0.515300809,
Q86YM7,0.456219165,0.510313578,0.427449833
O95847,0.445342892,0.513885615,
P28907,0.518618886,0.608518275,0.4975914
O75367,0.50281623,0.546790725,0.517440878
Q9BYV8,0.484864919,0.571901449,
O75899,0.528687212,0.495700229,0.444461897
P20393,0.501204557,0.571333419,0.490633179
O15516,0.533650055,0.595357953,0.558151652
Q9Y5S2,0.621192469,0.473543223,0.488002938
Q16568,0.500119458,0.452782809,0.629053793
O75376,0.513308455,0.54512301,0.498995579
Q9Y2T3,0.623437858,0.473829322,0.293978759
O15013,0.458588881,0.581089922,0.562515073
Q66GS9,0.475683373,0.634968918,0.598194438
Q15386,0.684542916,0.48987671,0.620128779
O75052,0.508930126,0.447233697,0.480566568
Q8N1I0,0.458908633,0.530559443,0.507113336
A7KAX9,0.564201497,0.515338115,0.496859518
Q9Y5H5,0.894231688,,
Q92609,0.494887534,0.5008763,0.409001142
Q9UJD0,0.589985204,0.46166539,0.412932008
Q14999,0.508358782,0.475149527,0.62413196
Q15047,0.431955565,0.688890836,0.486753348
O60285,0.546466799,0.58878506,0.560620066
O43295,0.618240011,0.734499186,0.479852966
Q9HBZ2,0.573746673,0.637213312,0.538031714
Q15058,0.465175035,0.517297618,0.497880024
Q9Y4E8,0.577523454,0.723182689,0.465079031
Q93074,0.503557566,0.567320318,0.435574708
Q9UHV7,0.62928055,0.611528289,0.544632225
Q9UHW9,0.478039487,0.696928273,
Q13601,,0.55054529,0.696251466
Q6P4E1,,0.571319268,
Q96DN6,,0.539374343,0.523980406
Q8WY21,,0.726785397,0.459839617
Q569K4,,0.522445422,0.477924085
Q17R98,,0.506807481,0.564150628
Q7Z553,,0.511190635,
Q7Z3G6,,0.548972535,
Q8IVF4,,0.508252695,0.342248898
Q9UPS6,,0.587366898,0.493847877
A3KMH1,,0.538339339,0.574449505
Q8TDJ6,,0.39879153,
Q9NYI0,,0.536073944,
Q6ZU65,,0.569256613,
Q58DX5,,0.648260276,
Q9Y6X0,,0.656769126,0.647499057
Q9HCD6,,0.340008743,
Q9NY28,,0.641517881,0.412134467
Q6UXD5,,0.727324833,
Q8NFP9,,0.516062297,
Q8N2C7,,0.678895618,
Q6ZTR7,,0.449077526,
Q6DN72,,0.639057316,0.548264119
Q6ZV29,,0.535718533,
Q9UGI6,,0.620136043,0.293165166
P43632,,0.609203104,0.458122453
A4D2P6,,0.438551878,
Q99435,,0.423243011,0.630782558
Q14123,,0.536869731,0.428489897
Q9NZW5,,0.730789041,
Q9NY99,,0.422289584,0.377368784
Q6ZSS7,,0.726785397,
Q86UA1,,0.543967922,
Q9BTT6,,0.722900176,
Q9NQX4,,0.419020308,0.4163804
Q7Z6G8,,0.548586466,
P04278,,0.557056802,0.40447239
Q96FL9,,0.571042125,0.412134467
Q8IY22,,0.704228544,
Q96NG3,,0.578690063,
Q9BW71,,0.69575608,
O75363,,0.609498017,
O43150,,0.594300103,0.604943776
O14490,,0.601424091,0.661965974
P50851,,0.613223736,
Q8NEK5,,,0.594378369
Q6ZSI9,,,0.344671695
Q86TM3,,,0.528951594
Q96MU6,,,0.660157468
Q68DY1,,,0.594378369
Q9Y2E4,,,0.830023419
O60281,,,0.609530146
Q6ZMY9,,,0.594378369
Q6NX45,,,0.660157468
P17022,,,0.660157468
Q5JST6,,,0.630782558
Q9BR84,,,0.660157468
O14602,,,0.488411241
Q9Y5X4,0.529080295,0.60818739,0.454923963
Q9Y6H6,0.565708982,0.512005697,0.428395083
P25063,0.474462551,0.489040836,0.483215925
Q9UQQ2,0.583588557,0.699428803,0.47235189
Q9Y223,0.581387569,0.734499186,0.440542713
Q9Y3Q4,0.499132574,0.490735522,0.472640165
Q16625,0.514310767,0.514277698,0.684617578
O60706,0.562144752,0.485021551,0.416544111
Q9Y6N9,0.437585067,0.444237535,0.5969553
Q9NRM1,0.476168396,0.423794909,0.388917759
Q96CV9,0.474459871,0.584564869,0.50847093
Q9UDR5,0.596484783,0.65389389,1
Q9Y619,0.339916679,0.523044546,
Q92685,0.616535964,0.804257546,0.556062619
Q9NS56,0.504389022,0.492926377,0.498172472
P49918,0.507511444,0.743319935,0.530724622
P42771,0.500371717,0.568276654,0.458683853
Q13488,0.500623994,0.525845072,0.47741165
Q92597,0.522579424,0.525363834,0.52438453
Q92979,0.468736447,0.591185733,0.476471109
O00165,0.557387848,0.479879175,0.459027401
Q9UP83,0.742776511,0.617597033,0.928810607
Q15437,0.563036142,0.507857624,0.535539964
O75718,0.400767558,0.536693007,
P49715,0.490561168,0.678810708,0.576331561
Q9UBX5,0.471829529,0.630091569,0.458311439
O75792,0.686621741,0.492947276,0.52236872
O15120,0.515736774,0.601481642,
O15269,0.627682875,0.608244059,0.383902505
P78382,0.51519185,0.581751994,0.622280118
Q9Y6D5,0.507016635,0.477211761,0.442245955
O95436,0.482480002,0.57262273,0.323210865
P61916,0.522286474,0.53017784,0.46581774
Q6P2Q9,0.627050369,0.579020692,0.478189965
Q9Y6M1,0.558365679,0.689245177,0.544022869
Q13351,0.63033253,0.665780564,0.64941299
Q9NYJ7,0.474859013,,0.372103727
P53634,0.541449126,0.526616471,0.430198303
Q9UHD8,0.415947664,0.492823542,0.474241788
O95452,0.486739103,0.546001246,
Q86SQ7,0.484783898,0.567502201,
P13569,0.443069074,0.557633042,0.422483391
Q8IY17,0.801873366,0.676476181,
Q9UNE0,0.511086952,0.531634107,0.758449557
Q9Y4W6,0.446910873,0.527027319,0.519308585
Q9NQ38,0.48517642,0.572151973,
Q9H2D6,0.447569352,0.510086915,0.451469639
P82251,0.648812313,0.664340689,0.523102516
Q9Y250,0.52560328,0.477775756,0.583118468
O96017,0.514945788,0.583185374,0.580329931
P24386,0.50449446,0.452856947,0.390831689
Q8WU17,0.500747818,0.509878155,0.549340279
P15882,0.561625909,,0.47643254
Q9NSU2,0.443260416,0.472865029,0.385878533
Q86XE5,0.641923878,0.566836111,0.446711338
Q96T60,0.492058284,0.68027473,0.46464961
Q9UBV7,0.577986162,0.588707202,0.504966096
Q99698,0.474436407,0.51744711,
Q99497,0.44260536,0.515782141,0.386679343
Q7Z403,0.72707715,0.558053461,0.587103671
Q9NQ40,0.38926972,0.605660714,
Q5JVL4,0.487191347,0.573795836,0.490458534
Q96RJ3,0.543988819,0.639057316,
Q13216,0.568446336,0.506316296,0.511306772
Q6Q788,0.45712777,0.584656324,0.40421825
Q8TDI8,0.408983075,0.505257197,0.785645466
P35523,0.53372016,0.507032207,0.482567632
P51795,0.647866149,0.572035496,0.474585698
P51798,0.584980678,0.628060195,0.539638804
P51800,0.542097152,0.528260736,0.451026884
Q5T4F4,0.465344277,0.505814778,0.591381257
P51801,0.542097152,0.528260736,0.377454562
P35611,0.462416383,0.520857049,0.489468009
O14773,0.500334232,0.511153337,0.612900258
Q13286,0.472102519,0.527561101,0.578229348
O75503,0.43785699,0.588569487,0.454660216
Q5S007,0.459108174,0.463783094,0.410124746
Q96M96,0.561422887,0.536541198,0.615462461
Q8WXD0,0.537583879,0.609203104,0.412148831
Q8TAM2,0.473116958,0.504296927,0.514544723
Q8NEP3,0.453398077,0.566279107,
Q92887,0.539047377,0.634774631,0.52243233
Q495M9,0.515078135,0.492459483,0.625992018
Q8IVV2,0.488501489,,0.287697105
Q14028,0.47429585,0.471712318,0.47105408
P29973,0.444309202,0.579928004,0.456471787
Q16281,0.543271674,0.487407315,0.479708381
P00326,0.741074406,0.688683776,0.59235621
Q9NTQ9,0.452396392,0.536496441,
P02452,0.465169725,0.502189834,0.486213538
P08123,0.479235958,0.549058899,0.459912098
P02458,0.470304327,0.521851946,0.402337752
Q8WWZ3,0.61423482,,
P02461,0.475481608,0.521868705,0.443459575
Q01955,0.491664006,0.545287755,0.49907486
Q8NFJ6,0.606740523,0.609203104,0.716782855
P53420,0.574362859,0.559640024,0.914713743
P29400,0.472274222,0.490883328,0.914713743
Q9H444,0.442889868,0.509682549,0.675436023
P20908,0.457841267,0.554617213,0.448836796
P05997,0.453219905,0.512882704,0.487592008
P12109,0.489596578,0.516404552,0.285706838
P12110,0.484715908,0.554225609,0.452122733
P12111,0.500185899,0.532124425,0.321623887
P25067,0.478683667,0.540378726,0.537454998
Q8N3I7,0.54296935,0.514081161,0.436497721
Q03692,0.489498771,0.517815896,0.591267436
P13942,0.501317831,0.509762931,0.533501688
Q8N8E2,0.625215281,0.506807481,0.622614418
P49747,0.455439795,0.660143091,0.428919137
Q99612,0.691414192,0.672972099,0.611256868
P41279,0.57955413,0.734499186,0.523957226
Q86YN6,0.507841284,0.599806084,0.436531772
P14854,0.414189784,0.493413019,0.440487062
Q8NI36,0.559311848,0.515661447,
Q7KZN9,0.495530215,0.514628364,0.54022472
P00450,0.555678095,0.542133255,0.40574572
O60393,0.585383175,,0.509518907
Q8TAP9,0.554002341,0.624043185,
P36551,0.621509918,0.606479195,0.313356815
P31327,0.467441272,0.600150611,0.437658761
A6NCS4,0.52999891,,0.659513289
Q68CP4,0.513404608,0.572406467,0.712388985
Q8IZX4,0.595565924,0.621349409,0.397840138
Q92793,0.530771871,0.643490817,0.441279915
O43186,0.548676649,,0.52701603
P02511,0.477253772,0.493711599,0.498748334
Q96NR8,0.496025071,0.50395448,0.536118301
P48730,0.474273622,0.568040452,0.558596468
Q0VG99,0.520213235,,0.4951296
Q6IQ55,0.431916189,0.55937321,0.48904382
Q8IWY9,0.547628471,0.625704336,
Q7RTW8,0.523754269,0.509519318,
Q8IU68,0.487938632,0.570920196,0.558345035
P01034,0.518009318,0.498373928,0.48250401
P04080,0.637026262,0.548903738,0.483206255
Q8N196,0.559519645,0.624432323,0.63988881
Q6ZVN8,0.524426911,0.478436541,0.416688071
Q5VWK5,0.519863689,0.509245065,0.409082158
O60931,0.461132464,0.564407816,
Q6XZB0,0.74226384,0.604697409,0.489926782
Q8N4S9,0.516383534,0.477422184,
P13498,0.460329802,0.490136131,0.462886247
P04839,0.478631916,0.469047829,0.449994527
Q9NQC7,0.482528317,0.491345094,0.508857573
Q96MP8,0.457037242,0.708181498,
P11509,0.572904177,0.606359808,0.468606824
P13945,0.515557582,0.532592561,0.449783956
Q56NI9,0.42337446,0.503326992,0.551667143
P20815,0.499706953,0.675143254,0.468004272
Q02318,0.701353634,0.678822195,0.427725574
Q7RTU9,0.384933802,0.406319937,
Q14203,0.439379168,0.478788475,0.495086125
Q92466,0.534076199,0.542956354,0.544661597
Q8IU80,0.5245389,0.623898458,0.513932523
Q702N8,0.469995255,0.371359153,0.586237578
Q6ZW61,0.39991157,,0.688253249
Q8IVH4,0.586263125,,0.578980869
P17661,0.498657577,0.427417006,0.559395324
O60443,0.47909665,0.784275502,0.698898591
Q8IWU4,0.489116747,0.585356771,0.495562264
O43405,0.464953728,0.833522531,0.499332692
O60610,0.502520986,0.567270853,0.538082839
O60879,0.585722797,0.655189248,0.49731657
O60832,0.475496093,0.519849003,0.420576608
P09622,0.487253417,0.452413538,0.384432258
O60479,0.59554265,,0.616023476
P11532,0.479110089,0.423965252,0.420529869
Q13316,0.492684605,0.516935816,0.38950341
P20933,0.585881552,0.516369906,0.498248771
P16112,0.49831931,0.467341934,0.482002284
P24855,0.487795931,0.561327596,0.505102804
P50570,0.454836852,0.469845946,0.441641191
P35573,0.521094088,0.482485794,0.421306696
Q9H3H5,0.502435936,0.696212756,0.534082025
P54259,0.471082829,0.579138513,0.523806459
Q02487,0.507927988,0.508835763,0.470540232
Q14126,0.436425362,0.515726769,0.387758509
P78504,0.460540154,0.601537258,0.490990859
P15924,0.436976929,0.490002858,0.439688901
Q9NZW4,0.465934885,0.54112412,0.464582557
P50443,0.577570921,0.623748822,0.750473927
P01019,0.462234597,0.617551029,0.547592692
P30556,0.486908209,0.717705454,0.453178568
P42892,0.46907815,0.539854301,0.495364977
Q16610,0.495394329,0.549873013,0.451046719
Q92838,0.476572312,0.554869895,0.66275982
P21549,0.489262867,0.561131177,0.444149773
P14138,0.524555317,0.46064664,0.645982101
P25101,0.484228603,0.609203104,0.350189128
P51843,0.504456875,0.620368755,0.484451281
P24530,0.462363091,0.590356751,0.349911712
P23526,0.460856996,0.611298592,0.492906025
P98172,0.498165977,0.58881043,0.50513872
P00533,0.48091045,0.500799113,0.439419981
P29317,0.450876312,0.487545042,0.461708354
Q8IWV7,0.430703006,0.533463749,0.468448048
P08246,0.469093496,0.491777081,0.484784079
Q8WX94,0.529088443,,0.313725703
O95477,0.450678524,0.559517687,0.421451595
P15502,0.481284807,0.551143641,0.477629269
Q8IXV7,0.64603732,0.420823513,
P50402,0.46228129,0.525136256,0.566530292
Q8NFG4,0.52003395,0.537205909,0.573676005
Q70J99,0.503952859,0.546202342,0.594042025
P17813,0.460131157,0.454605264,0.400126367
P11171,0.526744157,0.499138166,0.421565641
P00568,0.747332372,0.616597028,0.529033243
P54819,0.705413507,0.340972338,0.347205953
P07099,0.470449565,0.722926835,0.511764955
P04626,0.535595344,0.547290477,0.456821846
P18074,0.471534499,0.49933243,0.441447131
O95677,0.535117374,0.743319935,0.574974667
P19447,0.528081341,0.494547881,0.486346513
Q92889,0.523690119,0.550856806,0.414677753
P28715,0.519473487,0.529727336,0.458807717
P0DP91,0.610436503,,
Q03468,0.483491121,0.655897064,0.453992111
P31751,0.484306835,0.603636778,0.636637944
P41212,0.512688246,0.686967936,0.602836206
P57679,0.489239601,0.546653006,
P22557,0.458557113,0.661683725,0.439616098
Q93063,0.543508263,0.576822392,0.55081852
Q99502,0.491460868,0.599303768,0.575795028
P00734,0.516094873,0.515009882,0.447801842
P12259,0.522581074,0.523822942,0.495233447
P00740,0.519183386,0.535905709,0.580331003
P33897,0.429745524,0.570414422,0.492979428
P03951,0.458822065,0.663062313,0.460113763
P00748,0.487164137,0.563713238,0.456665769
P00488,0.467129174,0.447937342,0.3721819
P05160,0.424099044,,
O15360,0.505169358,0.600824833,
Q00597,0.50639702,0.623232118,
P16930,0.734979846,0.616597028,0.484684781
Q6ZVD7,0.522258146,0.603201623,0.636530117
Q8WZ04,0.49774148,0.687635926,0.607024062
P09467,0.460485412,0.703187317,0.467251358
P31994,0.492446422,0.514351619,0.417588298
Q9H1X1,0.625939578,0.55065452,
O75072,0.490070623,0.553831141,0.687157113
P22830,0.50029821,0.661683725,0.342341862
P02675,0.471373892,0.487799587,0.529965432
P98174,0.572399943,0.546251239,0.707922673
P51648,0.483236447,0.61271198,0.547850687
P55075,0.460390488,0.476712919,0.647503264
O15520,0.43062366,0.565985799,0.522033126
Q92915,0.528190203,0.616171164,0.591360526
P22607,0.479613154,0.526098763,0.501387983
P21802,0.46459814,0.569497266,0.478033162
Q13642,0.527888421,0.64177516,0.680074003
Q9UPQ8,0.642789588,0.804257546,0.344072774
Q9NYY8,0.436593801,0.505793208,0.537696999
Q12946,0.464230427,0.570328716,0.657941048
Q12948,0.469752871,0.620400387,0.536431941
O94986,0.508077733,0.55339918,0.680087929
Q12951,0.661233546,0.789331757,0.603821614
O75027,0.49528844,0.523044546,0.453836004
Q13461,0.487042369,0.570328716,0.673841541
O75643,0.445717106,0.580042326,0.551669035
O00358,0.535731024,,0.671944761
Q7Z333,0.500653163,0.522655089,0.546568194
Q9UNA1,0.572480557,0.604725392,0.513221972
O60333,0.536264122,0.534141986,0.476716535
Q8N0X7,0.407067255,0.51501193,0.62413196
P20930,0.4829079,0.501052059,0.542229931
P21333,0.443323723,0.473267138,0.471365296
Q8N335,0.461382415,0.514052928,0.334672016
O75369,0.504976236,0.504252215,0.581609779
Q8WXH0,0.488405127,0.451820907,0.730624057
P36888,0.516035309,0.582517012,0.44454948
P35916,0.487838542,0.577522055,0.447488893
Q9NZN5,0.60121259,0.674481884,0.530586731
Q92542,0.461557549,0.513807189,0.566315507
Q9UPY3,0.437744036,0.45183503,0.461968545
Q8WW38,0.508263498,0.717134199,0.55538555
P82279,0.487794387,0.48990633,0.630782558
Q13148,0.535039291,0.525982599,0.581971053
O14836,0.510502448,0.609203104,0.650656353
Q9GZS9,0.619031586,0.62281194,0.893429479
Q9UM07,0.564710953,0.705508296,0.427564207
Q9Y2U8,0.585939319,0.578986806,0.734722458
Q9UHK6,0.614438003,0.608910337,0.305710683
Q9Y5K6,0.507595764,0.475471649,0.434310134
P37198,0.491427882,0.440488037,0.390259347
Q9NZN9,0.431917755,0.614282673,0.427595831
Q16595,0.453578986,0.51418541,0.413329836
P20292,0.528119603,0.591695632,0.363565324
O75342,0.542575756,,0.507785615
Q8NDX2,0.464805489,0.429743322,0.741565123
P23945,0.517003108,0.611115679,0.455284234
P05186,0.520279135,0.522979601,0.54463249
P78363,0.497731906,0.611969155,0.647095363
Q13285,0.480952149,0.647491329,0.527836059
P04066,0.555843535,0.527739493,
P35637,0.596088694,0.456214202,0.487778801
P35575,0.478368487,0.755515155,0.341802233
O43826,0.515350193,0.656869323,0.570087697
P10253,0.435690453,0.579923437,0.508832435
Q8NHS3,0.492776944,0.641864545,
P18507,0.493904598,0.464442544,0.609089527
Q9Y3I1,0.509336708,0.43492921,0.513313612
O14926,0.514828818,0.442061124,0.605621994
Q9UBB4,0.589107874,0.598490941,0.72612393
P54803,0.560776973,0.462282833,
Q14376,0.978503353,,0.489446549
Q6KC79,0.448784514,0.523605234,0.405765394
Q9H9E3,0.538025075,0.736611821,
P51570,0.757521719,0.674481884,0.376300922
Q9P202,0.455790473,0.439145792,0.747627069
P34059,0.454426707,0.532191718,0.601071038
Q8NEW7,0.438598005,,
P07902,0.67134448,0.683801002,0.435960067
Q9Y3Z3,0.491246325,0.593666567,0.47121914
Q9Y4U1,0.55220098,0.734499186,0.401706246
Q8WWY3,0.38489482,0.554839122,0.485735768
O75161,0.458391092,0.476403446,0.606101746
P41250,0.681648587,0.571282945,0.450945276
Q9Y2R2,0.494359712,0.587196362,0.518420083
O43175,0.499142537,0.616597028,0.451837527
P15976,0.467407935,0.528915113,0.543552114
P23769,0.460591222,0.69600319,0.505698267
P43694,0.465478668,0.66330733,0.519632805
Q92908,0.475026817,0.594487077,0.526931472
P50440,0.491475861,0.565761074,1
P04062,0.453870247,0.509121059,0.447111099
Q04446,0.834120054,0.616597028,0.436758483
Q9UJY1,0.430158216,0.544945546,0.654072381
P47871,0.549338434,0.62614554,0.402576302
P35557,0.466431926,0.677229212,0.509801252
Q9NRA2,0.676322088,0.584592338,0.762530224
P04001,0.507986039,0.560706377,0.573736024
P0DN77,0.555799868,0.418002889,
P0DN78,0.555799868,0.418002889,
P23434,0.555191255,0.456348352,0.370249501
P27539,0.582305402,,0.717436463
Q96G97,0.44104693,,0.928810607
Q99217,0.519084083,0.459272716,0.418454214
P39905,0.465911714,,0.593808433
P14136,0.439083635,0.445694469,0.518224855
Q99684,0.523261074,0.556698684,0.640731378
P15291,0.449771612,0.496228382,0.691963873
P10912,0.50154358,0.518256985,0.438533032
P27352,0.396344474,0.438237488,
Q9UI46,0.531042379,0.515021294,0.434010193
Q9UHC1,0.586574263,0.431753665,0.458240088
Q7Z494,0.430982655,0.531274854,
P98194,0.523330516,0.615077698,0.530208077
P08034,0.476171101,0.577897852,0.342818924
P29033,0.509060558,0.465242602,0.35880615
O75712,0.52382253,0.533970084,
Q9UHB7,0.576323398,0.532588022,0.606126319
Q9Y283,0.531021142,0.589414279,0.601529983
P06280,0.506260678,0.53617722,0.495199868
P51654,0.467464117,0.45934295,0.344072774
P16278,0.480165035,0.553402207,0.400082166
Q3SYG4,0.53840319,0.471534067,0.928810607
Q9H3L0,0.786087995,0.694778832,
P23378,0.451923743,0.531847613,0.385261711
P10070,0.473087467,0.541573152,0.540988821
P10071,0.455159433,0.516996516,0.480921983
O43464,0.472757553,0.506711925,0.58170267
P00367,0.563744292,0.585431022,0.462389044
P17900,0.485641394,0.479482243,0.307551201
P11488,0.480780486,0.54629509,0.418118755
P16520,0.523181986,0.55154025,0.480090349
P15586,0.616410327,0.507488328,0.490948929
P07359,0.496876877,0.56446632,0.383827291
P13224,0.502926559,0.609203104,0.640118526
P14770,0.459851978,0.609203104,
P06744,0.463761938,0.561945864,0.399502238
Q5T481,0.540661618,,0.525178663
P03950,0.475968641,0.479420581,0.467843246
Q6NZI2,0.528227246,0.635567264,0.547639589
Q8NBK3,0.571140191,0.55238353,0.379385387
Q6ZWL3,0.547428727,0.770071109,0.428722114
Q6ZRV2,0.442630407,0.502093618,0.339960867
Q4KMQ1,0.361239835,,0.688039966
Q86WC4,0.469990964,0.612882225,
O15303,0.505253653,0.585325384,0.548531258
P12235,0.463997131,0.571226875,0.405856662
P06396,0.441313139,0.460428316,0.584141913
P52701,0.506424944,0.580033653,0.443702862
Q8WV28,0.592552856,0.628702134,0.598893618
P43080,0.479784813,0.569795053,0.543245351
Q9Y6W8,0.528092824,0.58956899,
P08236,0.613191645,0.559323498,0.404633607
Q9Y672,0.64576196,0.757440646,0.880591465
P46976,0.465571656,0.548421746,0.406713485
Q9UKY4,0.50156519,0.770071109,0.569392512
Q9Y617,0.558495416,0.616597028,
Q02846,0.538640161,0.560311847,0.496723978
Q9NP59,0.448881164,0.608557932,0.486758806
Q9Y2V3,0.500297017,,0.593621434
Q14520,0.59498695,0.541344457,0.404760653
Q16836,0.485558945,0.613374756,0.268103963
P69905,0.459027542,0.472957425,0.37561657
P68871,0.463016499,0.453286527,0.385944844
P53701,0.468058102,0.569911564,0.322807739
P42858,0.45128192,0.52082094,0.431513743
P06865,0.702488206,0.491532275,0.433680809
P07686,0.465052443,0.514590875,0.462274281
P08603,0.625797568,0.634999468,0.517845393
Q03591,0.524767019,0.561666568,0.747627069
Q93099,0.696479104,0.616597028,0.523812337
P01909,0.639139219,0.54155406,0.384544017
P01920,0.57851448,0.548369209,0.384544017
P50747,0.474109054,0.489498953,0.509865214
P08397,0.59568238,0.734499186,
P17096,0.503033232,0.531468514,0.425940323
O75330,0.417858134,0.570192581,0.456289627
P41235,0.504340417,0.717134199,0.507292801
P32754,0.638573636,0.60302094,0.336907311
P15428,0.459135916,0.589791512,0.391255418
P00492,0.478554808,0.65353141,0.487659022
Q92902,0.496932825,0.541181879,0.614948573
Q96EY8,0.917943415,,0.415007806
P04792,0.50512623,0.529875421,0.475438744
P10809,0.463486731,0.536610847,0.42452007
P02647,0.439064976,0.519733776,0.397363564
P58304,0.645955061,,0.509518907
Q695T7,0.644839415,0.602446054,0.598571237
P48735,0.472282344,0.579681348,0.34407338
O43837,0.633194602,0.63191448,0.371622451
P22304,0.930270285,,0.541646336
P35475,0.640037544,0.533551762,0.305710683
P05156,0.571063349,0.648508196,0.498699914
Q7Z3Z2,0.529750644,,
Q2I0M5,0.547712921,0.541344457,0.350756104
Q6QHK4,0.551237601,0.570328716,0.539727046
Q5TD94,0.731149007,0.522964493,
P01579,0.50951446,0.541344457,0.506770964
Q5T1H1,0.37411871,,0.624410916
P15814,0.606703077,0.491579298,0.380011981
Q14623,0.447716013,0.631065961,0.465740056
P01584,0.495064464,0.579927887,0.553929534
P25445,0.56433101,0.515560282,0.58338056
P31785,0.580926119,0.564152845,0.491478626
P05231,0.488945939,0.410316147,0.610253928
P48023,0.504363922,0.526862293,0.675547211
P22301,0.465492018,0.541344457,0.556612007
Q13651,0.470792039,0.681925548,0.492760824
Q08334,0.613753422,0.512336909,0.62323729
P20839,0.582866864,0.601618348,0.621642995
P01308,0.508870629,0.47657759,0.502576607
P51460,0.551128703,0.541344457,0.592829258
P06213,0.49322658,0.465288456,0.381972502
P52945,0.464692922,0.678138846,0.481437298
P10914,0.514127839,0.672370078,0.623496396
Q15306,0.486921908,0.619427048,0.606342568
Q13568,0.521435889,0.743608447,0.599678647
O14896,0.536305654,0.651027642,0.659815356
P35568,0.513787223,0.594890265,0.414756925
P08514,0.48107038,0.445097512,0.497146593
Q13683,0.467129954,0.457944762,0.78717383
P05107,0.473198848,0.476405564,0.430880693
O95255,0.549146726,0.625389768,0.58232133
P26440,0.796923678,0.566836111,0.370831041
O60674,0.490600212,0.508470348,0.422947879
P14923,0.467519256,0.434188969,0.430958843
Q15046,0.470405326,0.558247749,0.435568575
Q09470,0.444203639,0.508816645,0.594265206
P22460,0.487039843,0.483216057,0.491255649
O75251,0.463322489,0.505286388,0.476451201
Q2M1P5,0.595797745,0.509666337,0.524130789
Q14003,0.567643203,0.518460763,0.942093172
Q49MI3,0.61388011,0.549820668,0.28158061
P15382,0.531220374,0.474868793,0.470949924
Q12809,0.539650224,0.506877301,0.491175698
P48048,0.530905635,0.472718599,0.479483949
P63252,0.487801552,0.461462838,0.432314909
P48544,0.616375829,0.539114884,0.651719394
Q14654,0.511615533,0.438543498,0.41637872
P51787,0.480829617,0.528866801,0.437725761
Q6VVB1,0.552917119,0.680081932,0.635626561
Q12840,0.575264206,0.499048751,0.537444716
P10721,0.453901106,0.46150242,0.487917548
P05089,0.455725892,0.533790812,0.374364495
P01116,0.478932289,0.572918808,0.462772271
P04264,0.47854028,0.529194988,0.466628892
P02538,0.467357758,0.617011789,0.488990974
P04259,0.462688327,0.51868379,0.488990974
P13645,0.436704305,0.591802792,0.335271175
P13646,0.504934104,0.546130964,0.606101746
P08779,0.481511839,0.605539739,0.488990974
Q04695,0.523791683,0.495091453,0.364002341
Q14533,0.461565737,0.509102345,0.606101746
A6NGG8,0.455663609,0.451238106,
P78385,0.474073978,0.509102345,0.606101746
A8MXD5,0.442101975,0.668182442,0.549081268
O43790,0.461565737,0.509102345,0.606101746
P24752,0.476406974,0.566811635,0.480789089
P24043,0.480876669,0.426943841,0.601041274
P13473,0.480257819,0.488357316,0.682387237
Q6KF10,0.524089444,,0.590195244
Q14739,0.550306193,0.575920733,0.418406478
P04180,0.471663415,0.59985465,0.338726355
Q8NES3,0.453840556,0.463277869,0.545847615
P49917,0.483633102,0.460866661,0.520438508
P11150,0.461680462,0.470305513,0.369140122
P02545,0.461963272,0.582415389,0.606101746
A4D1S5,0.592366396,0.612479708,0.406178844
Q08397,0.456633092,0.532549449,0.278588326
P06858,0.464361878,0.479720003,0.40301123
Q93052,0.735045332,0.621870856,0.78717383
O75197,0.467877607,0.468705982,0.395269062
Q6ZYL4,0.56702458,0.648244894,0.427577378
Q14767,0.54646218,0.602147062,0.475184971
Q9NS15,0.349643902,0.602498823,0.371019391
Q1HG44,0.523434995,0.544178449,0.785667426
P61626,0.579026464,0.519840929,0.350164804
P16422,0.509065138,0.524259478,0.509803308
O15198,0.525788528,0.553099256,0.538395983
P15289,0.497839113,0.501866562,0.548264673
P15848,0.447086208,0.497278477,0.532314006
O00754,0.54207035,0.572138344,0.409370433
O00462,0.545798523,0.569922616,0.245020277
Q01726,0.496855896,0.609203104,0.545145484
O15553,0.508748217,0.528663904,0.598103685
Q13233,0.600936295,0.734499186,0.555525295
O00255,0.508102606,0.561686334,0.441971311
Q10469,0.461112315,0.588910965,0.342850238
P33076,0.568130158,0.672089275,0.509855624
Q13510,0.537819625,0.522722954,0.84794136
O75030,0.560028783,0.686143135,0.530693144
P54252,0.505679278,0.600313988,0.550231908
P40692,0.480973175,0.454762063,0.455088542
P45452,0.49515656,0.600002899,0.438160635
Q10571,0.623170068,,
P34949,0.509268843,0.616597028,0.293978759
P40238,0.455536976,0.541597181,0.526262886
P25189,0.474482625,0.465324311,
P04424,0.448783296,0.65353141,0.480269849
Q2TAA5,0.586227868,0.757440646,
P43246,0.469712828,0.522713626,0.464751273
P45381,0.441337515,0.753006221,0.508486203
P00966,0.477035576,0.534863764,0.458336022
P28360,0.466255309,0.712333211,0.513564596
P35548,0.448242715,0.632630593,0.591476964
P55157,0.486927477,0.476137425,0.522309604
O94972,0.520103022,0.482296558,0.483324343
Q9UIF7,0.735859199,0.692685786,0.394923811
Q03426,0.512910547,0.576110254,0.486637411
P50539,0.654070198,0.62487582,0.58650275
Q14896,0.476906557,0.612077742,0.476930581
P01106,0.509804479,0.657491379,0.530872629
P11055,0.487524545,0.529356201,0.412741423
P13533,0.461848087,0.534092424,0.424343628
P12883,0.483046262,0.541715482,0.47513507
P35579,0.440265312,0.439371083,0.455280544
P35749,0.471169697,0.523339052,0.449294735
P10916,0.445614059,0.492154785,0.434130258
P08590,0.438348657,0.66076728,0.352294288
Q15911,0.556602394,0.631566209,0.588206982
Q9UBC5,0.426242987,0.440028302,0.4163804
Q9UM54,0.535657941,0.478291489,0.461157405
Q13402,0.466879387,0.414250151,0.434337664
Q99972,0.455101326,0.505236041,0.451764632
P54802,0.451171489,0.489457033,
O60934,0.502486047,0.530033421,0.440299027
P19878,0.47898762,0.446888011,0.398148214
Q00604,0.516541706,0.55877047,0.593555982
O43678,0.415854589,0.824173278,
Q16795,0.421321444,0.637751189,0.506647246
O95299,0.440774822,0.618661947,
O75489,0.453151599,0.617050136,0.638847909
O43181,0.480655891,0.600929395,
O00217,0.509188717,0.598840234,0.482890281
Q13315,0.480338057,0.561911601,0.486654706
P12036,0.532192369,0.418024264,0.41951117
P07196,0.446046295,0.422475773,0.450495243
Q13562,0.470041267,0.650538629,0.520291343
P35240,0.491179609,0.502817997,0.650443295
P50993,0.466265183,0.480452883,0.44076018
P15531,0.501307428,0.566211317,0.455837342
Q96S42,0.444866468,,0.610953105
P46531,0.445014411,0.52373762,0.47243461
Q04721,0.496035342,0.594591887,0.588819427
P00491,0.504352533,0.587940587,0.336258586
O15118,0.466390998,0.519185629,0.463836697
O15259,0.473948613,0.508994375,0.606101746
P06748,0.492206973,0.565702522,0.434122352
P01160,0.452725474,0.543983113,0.664312277
O14983,0.483068206,0.486542015,0.493805878
P20594,0.45816134,0.609203104,0.442202645
P16615,0.456991242,0.467453287,0.424929205
P49281,0.497560967,0.500866667,0.464543468
P01111,0.572736153,0.611042533,0.520173685
P54845,0.502288005,0.723856091,0.543698828
Q01974,0.500150879,0.488110988,0.427888145
P51810,0.464065647,0.560681829,0.385347155
Q8N5K1,0.423191567,0.575296056,0.555516832
P00973,0.481636237,0.659010436,0.514405309
P04181,0.545909651,0.613374756,0.255760024
Q04671,0.449374448,0.547698561,0.526279905
Q01968,0.557087671,0.510755324,0.414134253
P11926,0.483847503,0.707425858,0.461755607
O15527,0.51506388,0.604616367,0.427592436
Q14982,0.481329801,0.511190635,
Q96BI1,0.575053516,0.626910618,0.591744843
P00480,0.411266371,0.661683725,0.405692022
P32243,0.486941322,0.559922397,0.50954215
Q9NRD8,0.460033536,0.473753652,0.468104211
P23760,0.558347055,,0.558204942
O43316,0.545415041,,0.560623821
P23759,0.468845839,,0.671944761
P55771,0.503971253,,0.610949781
O43323,0.569956812,0.592744611,0.57950142
P11498,0.484988858,0.641737131,0.503145371
Q9BZS1,0.517596266,0.69600319,0.499610145
P05165,0.657214589,0.639462108,0.511631139
P05166,0.657214589,0.642155548,0.454900323
O95206,0.49679387,0.518045936,
O95876,0.438559499,0.449214529,
Q8WXF7,0.61106566,0.514425126,0.54283214
Q9P0J0,0.49806145,0.612289683,0.563047096
Q15154,0.47416644,0.506386285,0.761907987
Q8WTS1,0.455433554,0.495605473,0.59366273
Q9UMX9,0.428229218,0.55454582,
Q9UKN7,0.450568773,0.446722189,0.429330562
Q86SX6,0.484803209,0.559525748,0.485477166
Q9H0P0,0.64713794,0.687731436,0.35273231
Q9NPC2,0.608663092,0.609203104,
Q8N427,0.516645762,0.539486856,
Q9UGJ0,0.524042501,0.51615412,0.411568951
P51160,0.397467934,,0.402155632
P18545,0.515282382,0.53276619,0.379666123
P16234,0.465046643,0.568237248,0.439219669
Q15198,0.618207854,0.710756014,0.457049669
P35913,0.491721479,0.53276619,0.391050499
P08559,0.67236128,0.538412125,0.680855542
P22413,0.455847446,0.569351645,0.416640397
Q9UMX1,0.497277519,0.563615484,0.502716297
O43511,0.623066908,0.631498915,0.731282473
P01213,0.608797398,0.571589778,0.471951395
Q9BZW8,0.517046178,0.639057316,0.502863187
O43933,0.708402337,0.604567392,0.53968209
O60683,0.717055078,0.733570444,0.642115852
Q92968,0.439462892,0.515199136,
O75381,0.484987916,0.520379073,0.506098041
P08237,0.547533792,0.446013397,0.467511351
P21439,0.480194845,0.543838432,0.598659442
P78562,0.491304965,0.571436002,0.394517258
P46019,0.721667189,0.51411266,0.427384635
Q93100,0.763743488,0.51411266,0.427384635
P15735,0.645132648,0.459494053,0.514514932
O14832,0.547170811,0.54732611,0.450332682
P01009,0.530914564,0.514615586,0.512107534
P35237,0.471039568,0.541532586,0.344741455
Q99697,0.469476564,0.60818739,0.581985158
P98161,0.4659363,0.503111632,0.441612747
Q13563,0.441592098,0.45922182,0.486752981
P08F94,0.544125403,0.483400533,0.650656353
Q99959,0.430941377,0.532199063,0.374771943
P14555,0.536642181,0.569989203,0.55471412
Q6DJT9,0.540738452,0.575089836,0.62998135
Q02809,0.499184538,0.499724572,0.337260419
P60201,0.488562577,0.515390895,0.577397904
O15305,0.48811456,0.610566696,0.360137379
Q01453,0.470916333,0.443957259,
Q04656,0.437396151,0.494755964,0.399198299
Q8NEV4,0.536607855,0.396686164,0.455228655
P35670,0.493624807,0.558271421,0.502252386
P54098,0.542163199,0.442762926,0.454162772
Q9Y253,0.631394187,0.577792295,0.483342994
Q8TB36,0.510174346,0.613858294,
Q9P2X0,0.5975189,0.508165492,0.370249501
Q9H6L5,0.389465722,0.528635417,
P49335,0.458167961,,0.577799194
Q15319,0.453964339,0.717134199,0.688004387
Q13535,0.476516884,0.554072853,0.513727735
P22309,0.482558726,0.523014107,0.443730842
P37231,0.463999289,0.662807641,0.439065435
P23284,0.43376687,0.524377676,0.410507247
Q6W2J9,0.457919873,0.36953975,0.485173711
Q5VV42,0.54093583,0.624936817,0.449115965
Q9NXB0,0.443782319,0.566871294,
Q9BZ95,0.563262801,0.640021723,0.504198964
Q96DW6,0.365865109,0.559566098,
Q9NWW5,0.482392187,0.651208924,0.701660507
P50336,0.642088912,0.663389437,0.427425859
Q8NDB2,0.508167555,,0.473059538
Q676U5,0.443972016,0.449651319,0.57269252
Q9NVR5,0.404082636,0.734499186,
P01185,0.471254871,0.498097794,0.478314352
Q8IWZ6,0.489963502,0.59721329,0.514544723
Q00005,0.464961393,0.511538431,0.42902267
Q96A29,0.389905938,0.571042125,0.653226871
P50897,0.470919198,0.544494419,0.567100558
Q92733,0.492987536,0.680600863,
P30518,0.493275769,0.566679651,0.393328225
P14222,0.464666273,0.545129342,0.511270164
Q96CU9,0.491277838,0.585361767,
Q6P5W5,0.425417094,0.565381824,
Q9P2D1,0.475927371,0.738681852,0.51336923
Q7Z412,0.875442143,0.733570444,0.513298372
P10644,0.449276791,0.450921206,0.382736473
Q96SN8,0.500637808,0.525728559,0.554038588
Q9HBG6,0.427020393,0.496687027,
Q9NUW8,0.769847375,0.769191557,0.455175336
Q9NUN5,0.413846787,0.592952425,0.265509182
Q9NY72,0.514669616,0.486049968,0.440277964
O43593,0.604210038,0.648304552,0.500019849
Q9P0W8,0.501663588,0.549255669,
P05129,0.470225375,0.504219519,0.58547203
Q9HC77,0.47312586,0.608945521,0.540460657
P24723,0.499698365,0.660378991,0.575020873
Q53QZ3,0.643364903,0.723520358,
Q9NZ42,0.556487598,0.541246341,
Q9UI09,0.469047438,0.618359107,0.711852878
P0CG37,0.523683412,0.56767157,0.471839742
P53779,0.53997227,0.592403835,0.505404725
Q9BT22,0.616535964,0.676476181,0.843705862
P04156,0.467798219,0.505817449,0.398405539
Q8IWT6,0.53040262,0.5965445,0.552107444
P60891,0.67118371,0.492042836,0.526559574
Q92743,0.457347079,0.623097638,0.525333772
Q96RR1,0.482267808,0.729453643,0.387712576
Q96RQ3,0.572033769,0.534466038,0.461001864
Q9NRW4,0.511734742,0.52338023,0.573562524
Q8NI60,0.694012996,0.524791406,0.576049336
P57796,0.470153367,0.485510562,0.372803616
Q9UMR3,0.469665039,0.743319935,0.516963312
Q96KN7,0.494088547,0.763935818,
Q5T442,0.513205575,0.374674377,
Q9NZV5,0.476268862,,0.562918393
Q9GZU1,0.52458759,0.513970864,0.553430201
P78330,0.519784532,0.635535861,0.445962861
Q13635,0.452904591,0.510329633,0.35348258
Q16647,0.451006571,0.578553579,0.419024163
P12272,0.513478334,0.610835006,0.590199049
Q9P2L0,0.481214782,0.498486249,
Q9P2H3,0.439605498,0.414928972,
Q96Q42,0.479955279,0.555916241,0.599087079
P18031,0.497313307,0.51799717,0.49058822
Q9BXM0,0.44561262,0.562758844,0.928810607
P81172,0.476408995,0.389336039,
Q12913,0.508299501,0.484169431,0.409868292
Q99728,0.524464232,0.514406969,0.577558605
P40855,0.526728608,0.556769605,0.404753394
P28328,0.506454398,0.499351673,0.78717383
Q8NFJ9,0.498175431,0.628777222,0.412923289
P50542,0.521656034,0.610998535,0.498472738
P11217,0.952482111,0.65353141,0.437153029
Q9BXC9,0.457221887,0.496038588,0.514544723
Q06609,0.523548199,0.551401008,0.451009848
P06400,0.479556062,0.49772509,0.477947242
Q9HBA0,0.442892548,0.47938606,0.45854252
Q9BYJ1,0.521756435,,0.404256852
P12694,0.544460674,0.546804123,0.433512211
P21953,0.499541918,0.546804123,0.41741761
Q92781,0.587571409,0.587094951,
P24385,0.485791236,0.519735843,0.477611963
P23942,0.526513774,0.575794511,
P35241,0.464102781,0.422114533,0.50299868
P00797,0.470128683,0.537951126,0.523542381
P07949,0.471044881,0.540058265,0.557031986
P48382,0.901672621,,0.656725735
P47804,0.555799868,,0.587679605
P62736,0.505345044,0.499027475,0.508788729
Q02094,0.517241163,0.72123316,0.413504949
P08100,0.480602394,0.523592753,0.485098008
Q15835,0.490629985,,0.519968943
P12271,0.565122134,0.652090175,0.846664685
Q9Y252,0.528133418,0.606904443,0.548120617
Q9GZU5,0.707392248,0.768368362,
Q9HC23,0.520431375,0.423243011,
Q8TA86,0.508446085,0.543972986,0.700601592
P56715,0.459207372,0.545377322,0.613034565
O75695,0.504323667,0.528346423,0.475388327
Q92834,0.560662784,0.492754038,0.590336329
Q16518,0.449185021,0.689241612,0.390465997
P46777,0.484290529,0.590039498,0.454397773
P62913,0.477047946,0.595750874,0.429377823
P11274,0.494600741,0.502400205,0.532312592
P18077,0.507816379,0.570970886,0.538653866
Q9Y276,0.731391434,0.524791406,0.688253249
P62081,0.481180568,0.556938473,0.46795162
P46783,0.468512207,0.549674581,0.547846469
P08708,0.46785825,0.514113286,0.432776968
P39019,0.461409718,0.546719749,0.495427549
P62847,0.46785825,0.622680565,0.387496913
P62854,0.499326534,0.507379783,0.532988321
P21817,0.474424718,0.431354756,0.506674733
Q92736,0.461151083,0.484379676,0.422283384
P10523,0.508273695,0.525260946,0.30371054
P00751,0.69358928,0.60933176,0.44138014
P54253,0.535333749,0.607890411,0.495555211
Q99700,0.463724382,0.551146581,0.50880355
O15265,0.555709961,0.621498116,
Q07699,0.480257385,0.432252444,0.464489535
Q8IWT1,0.507254502,0.436880423,0.457409402
Q14524,0.502344435,0.444032285,0.439449754
P51168,0.542616374,0.547048944,0.395808064
P51170,0.542616374,0.554139791,0.538546037
P31040,0.552936109,0.514509925,0.49574091
P21912,0.567042921,0.615559929,0.469269321
Q99643,0.626800039,0.507257233,0.430018748
Q9H251,0.515564863,0.606681715,0.630782558
Q9HCC0,0.551334219,0.534466038,0.454900323
P51451,0.560941322,0.484759946,0.552269981
Q9HC29,0.498287667,0.588418983,0.45612797
Q86Y38,0.602965606,0.53373994,0.518373882
Q9H1B5,0.772150069,0.549967877,0.424252537
Q9H257,0.530887006,0.708181498,0.527086191
Q32P28,0.479528241,0.574375023,0.437789626
P54132,0.482331566,0.525926306,0.457093405
Q9H3S1,0.485344282,0.672672661,0.518108217
Q9BX79,0.475099033,0.629229392,0.405285487
Q27J81,0.437881572,,0.451222592
Q16586,0.438974068,0.464096585,0.630782558
Q16585,0.738432533,0.467406256,
Q9GZS0,0.511966184,0.545923948,0.433165014
Q92629,0.43651256,0.452820481,
Q13326,0.455561238,0.533062843,
P51688,0.63883453,0.489457033,0.376412286
P78314,0.773491361,,0.45780282
Q9BXN2,0.529663426,0.705656425,0.46449324
P57727,0.475663844,0.568355866,0.325240168
Q15465,0.434665205,0.526776415,0.419703227
Q9H237,0.510432181,0.490593168,0.259442708
Q15468,0.458550231,0.621468666,0.761907987
P81133,0.628179073,,0.594561031
Q15475,0.472038103,0.610076122,0.59500574
O95343,0.440353824,0.570328716,0.520753083
Q9BXM7,0.488691073,0.47611929,0.449709703
Q9H902,0.416247251,0.59977951,0.470378015
P12643,0.48800734,0.47453677,0.460647648
Q9H4A3,0.490384778,0.723520358,0.454239443
P14672,0.448897728,0.473153794,0.568770952
Q07837,0.614824137,0.601533744,0.530946048
P31639,0.591487353,0.636650469,0.943753799
Q92911,0.518352101,0.70678491,0.953865583
P12644,0.441063296,0.490454036,0.50222675
P14598,0.485093667,0.450921645,0.40742656
Q8IWL2,0.487389331,0.426791616,0.414082432
Q13621,0.57906351,0.673324835,0.868965347
P55017,0.571088914,0.649121798,0.691277708
P53985,0.448545718,0.608934765,0.526101637
P36021,0.621411389,0.609203104,0.706490972
Q06495,0.437751051,0.48371229,0.434957507
Q9H015,0.581310604,0.605668602,0.505661706
O76082,0.53637915,0.602865707,0.487755102
O00238,0.453303559,0.51363124,0.511800455
O43623,0.443654002,0.663598778,0.594079487
Q12824,0.473970686,0.602981227,0.483588089
Q13873,0.445781684,0.484710047,0.459328316
Q16637,0.477720753,0.474093428,0.673664207
P17405,0.511350145,0.532044033,0.524958706
Q16143,0.475332591,0.460172807,0.474062323
P37840,0.458959802,0.482282259,0.41201333
Q13424,0.478456758,0.449300094,0.424055854
Q07889,0.492578432,0.549678643,0.565003183
P48431,0.537769971,0.657264377,0.629087238
P48436,0.455366502,0.670705735,0.456531205
P56693,0.501037651,0.518757916,0.544812323
Q9UQ90,0.525056427,0.48756272,0.526235945
P58012,0.512931396,0.529434342,0.498676884
P02549,0.474440592,0.412509079,0.485936203
Q13813,0.540439907,0.531515508,0.480233713
O15020,0.482604759,0.413553535,0.410855965
P51857,0.650636268,,0.589049243
P38398,0.497510253,0.501785517,0.505582031
Q05066,0.605660804,0.643615039,0.492586993
P15056,0.472665502,0.6469452,0.503559803
P40763,0.480683733,0.543451287,0.497122728
O14965,0.476451806,0.453345779,0.521538858
O76039,0.578798937,0.493553532,0.597958885
Q15831,0.480189357,0.685791507,0.433377559
Q15833,0.506653578,0.473958606,0.570592877
Q09428,0.464500877,0.514428793,0.383760926
Q15526,0.565625212,0.542746005,0.440487062
P43251,0.39780358,0.565324346,
Q03518,0.532577512,0.518049373,0.404561895
Q03519,0.513255193,0.513939684,0.42408652
O15533,0.487372986,0.507950919,0.350644388
P17735,0.532453735,0.735335927,0.396673281
Q16635,0.452745726,0.65060925,0.888087022
P20226,0.543692272,0.494565938,0.47969553
P20823,0.487960388,0.705867874,0.63257337
P35680,0.439609991,0.60818739,0.578620802
P37275,0.516685921,0.641153073,0.547457061
Q13428,0.498674749,0.620608756,0.471411296
Q06187,0.489251244,0.582220914,0.54087558
O14746,0.452456893,0.495363665,0.426157559
P02787,0.488967533,0.465252511,0.403444991
O60566,0.51965644,0.527218767,0.626449951
P05549,0.502688641,0.692163793,0.593732384
Q9UP52,0.490522509,0.543197544,0.319437857
P10600,0.471008455,0.513870503,0.534981067
P36897,0.475030554,0.518719669,0.436852719
P37173,0.44789865,0.602344852,0.426633245
Q15583,0.587540897,,0.565840004
P22735,0.467758792,0.591504688,0.520030978
Q08188,0.482104723,0.501933154,0.558497113
P40225,0.540177671,0.541344457,0.834060859
P10828,0.47603681,0.649734131,0.497514836
O43897,0.560148722,,0.497099803
O60603,0.470548316,0.50890859,0.411747835
O00206,0.487385107,0.514422017,0.492867684
P68032,0.499441867,0.454145323,0.4186895
P05155,0.507907969,0.560638201,0.487632541
P63316,0.45910752,0.624241649,0.465689399
P48788,0.557203898,0.552114647,0.575565712
P19429,0.461923397,0.536645131,0.470861051
P45379,0.450647932,0.560768505,0.434708081
P45378,0.511865721,0.477945545,0.428044299
P22105,0.509431627,0.699896862,0.424902074
P09493,0.46465792,0.43080614,0.554617155
P07951,0.453809977,0.457925642,0.539745121
P06681,0.608590891,0.656495351,0.589666654
P01024,0.512940273,0.533426083,0.492291549
P63261,0.469542025,0.44753856,0.456877017
Q9UHF7,0.481305029,0.641800602,0.578017879
Q99816,0.456295047,0.524396801,0.448685633
P02766,0.535459352,0.554248458,0.490427494
Q9HC84,0.458453182,0.61093933,
P01031,0.522159033,0.506436815,0.600755006
Q8N465,0.541824197,0.468522406,0.377820237
O00294,0.439190621,0.497944656,0.559241388
Q15672,0.463929792,0.712333211,0.515984692
Q8IWL1,0.506273828,0.426791616,0.331590202
P17643,0.420367805,0.527162651,0.544056202
P63165,0.472388403,0.501664948,0.452924359
P09936,0.446785986,0.586811103,0.468405483
P25874,0.494852749,0.559566098,0.414151327
P55916,0.511788144,0.559566098,0.54813115
P07911,0.457788475,0.4609435,0.35489312
O75631,0.460051543,0.434335366,
P06132,0.940310024,0.704228544,0.344072774
P10746,0.87536604,0.720168423,
P58418,0.529813891,0.443479705,
P18206,0.479758427,0.491305508,0.43571117
P40337,0.604071478,0.610602451,0.584866155
O76090,0.558392948,0.62020456,0.406631058
P04275,0.501341478,0.475039313,0.463769689
P42768,0.49164277,0.477711093,0.508791367
Q14191,0.512698827,0.539121466,0.418877246
P19544,0.489410768,0.680251361,0.50592759
P23025,0.503144894,0.482151653,0.561495486
Q01831,0.539291201,0.586846074,0.485760121
O43542,0.597270741,0.548077045,0.435023511
O95409,0.61544637,0.651446307,0.606730146
O60481,0.556153451,0.717134199,0.63795694
P62633,0.718172726,0.736070187,0.571964416
P00918,0.434581565,0.482919053,0.415529332
Q00LT1,0.595116746,0.504308509,
O00555,0.523652195,0.570638179,0.461112715
Q13936,0.476165065,0.509412866,0.497458329
Q13698,0.528318142,0.468727881,0.511342498
Q8WZ55,0.859002458,0.62241288,0.300000304
Q8TCU4,0.497449656,0.567381217,0.631784334
Q13724,0.474074623,0.649560687,0.878036924
Q71U36,0.516747906,0.488107992,0.50036559
Q06710,0.449833033,0.712333211,0.570536799
P51149,0.448436038,0.485720103,0.458077498
Q9BVK2,0.636777966,0.770071109,0.569907187
Q9BZE9,0.533554282,0.518570044,
Q9BV10,0.51892543,0.651208924,0.895803908
Q9H9S5,0.559357815,0.552908801,0.360013391
Q6P1J9,0.482873292,0.573120912,0.516941851
Q5TBB1,0.514835906,0.496485883,
Q8TF17,0.433391169,0.603930344,
Q9H8P0,0.617729268,0.651175267,0.793369113
Q8NCM8,0.573000005,0.495833586,0.379207698
Q86YC2,0.502914485,,0.734722458
Q8TAM1,0.484866323,,0.535294693
Q9H936,0.706469156,0.523044546,0.687712664
Q7Z406,0.448354891,0.469173154,0.44535778
Q9H6U8,0.452575907,0.676476181,0.89933055
Q9H9P8,0.62529883,0.58331528,0.637974753
Q9H5P4,0.444177252,0.444190052,0.747627069
Q6ISB3,0.485132236,0.618939735,0.562434178
Q9BZ23,0.479894174,0.632390788,0.329836146
Q92570,0.437026817,0.528634243,0.472346869
Q96JI7,0.425984648,0.560545439,
P35658,0.502712267,0.512214942,0.356952098
Q9H2F3,0.501608703,0.554390352,0.629751728
Q96DU7,0.812218963,0.569795722,0.360947176
Q13772,0.455950657,0.501587276,0.347954632
P50461,0.463095702,0.552650475,0.510681595
Q9BZV2,0.54220763,0.678895618,
Q9GZV9,0.468023646,0.464765977,0.52456809
Q9NRG9,0.489258512,0.554715386,
O95528,0.796191186,0.552477109,
Q86U42,0.484080077,0.56408796,0.552386702
Q9H324,0.75743298,0.529248971,0.658763524
Q86WG5,0.479989122,0.691311344,0.484119918
Q71SY5,0.496403728,0.619017175,0.698325973
Q9NPJ1,0.460121117,0.519215938,0.500524928
P43026,0.490379098,0.579595492,0.535656974
P20807,0.477902447,0.520741641,0.423296893
O75923,0.434789344,0.525087128,0.532340455
Q13492,0.471597552,0.492981107,0.40187329
O15169,0.577536079,0.510222459,0.474924951
Q9Y2T1,0.458326651,0.570321017,0.527935677
Q9ULV1,0.470351785,0.471949265,0.462310687
Q9BZ71,0.460305043,0.495812332,0.469550516
Q86UX7,0.464044612,0.494469023,
B1AK53,0.469996943,0.371434588,0.416489281
Q9Y6D9,0.506466224,0.528719202,0.511558679
Q96RW7,0.518554364,0.460945175,0.454603339
Q8NBS3,0.57739108,0.733929651,0.574886275
O60733,0.457676101,0.600175836,0.491701686
Q9BX63,0.51295807,0.665705548,0.526534179
Q8WXG9,0.479191397,0.447497588,0.439378225
Q9H0F7,0.49871202,0.529048342,0.679709379
Q3B820,0.560437159,0.529522449,0.629806311
Q14790,0.479299111,0.472821352,0.459020091
Q9BQG1,0.494862791,0.559093715,0.452936663
Q8IWS0,0.463908017,0.672253459,0.485035816
Q15466,0.537510087,0.69600319,0.475772437
Q96MW5,0.742776511,0.612458644,
Q92698,0.555303522,0.686143135,0.563535162
Q92851,0.56480754,0.442391577,0.480758177
O15228,0.500474225,0.603431915,0.333735236
O14901,0.581856186,0.618460897,0.650525799
Q9BZE0,0.575688269,0.535439795,0.618356434
Q9BYE0,0.511478219,,0.59793073
Q14781,0.540620748,0.542784857,0.540363477
Q96IS3,0.604093904,,0.593621434
P56589,0.551485469,0.543641779,0.565627612
Q9Y6K9,0.549027994,0.516992081,0.491581515
O95163,0.574635524,0.502113859,0.387730076
Q9H1R3,0.460717849,0.567229592,0.413668328
O00116,0.551876849,0.588199593,0.405761404
O14791,0.507831955,0.509503853,0.497297436
O00203,0.485008042,0.467035889,0.364841042
O15273,0.470057633,0.640349291,0.369075589
P54577,0.59438636,0.46618119,0.454041827
Q03135,0.460609504,0.510968996,0.442552499
P56539,0.455448734,0.488006296,0.404436291
O14788,0.474701429,0.590501582,0.648948239
Q13950,0.48806845,0.612826969,0.514872364
Q01196,0.534453976,0.637831665,0.637197764
O95263,0.472123711,0.810630105,0.379787524
O14593,0.60587388,0.581607115,0.530456934
Q9H3D4,0.448965521,0.588099051,0.517562849
Q9Y6C5,0.413151503,0.678895618,0.24740597
Q9Y4H2,0.500026709,0.689309244,0.462101066
O14662,0.53894427,0.527667242,0.555071224
O75558,0.604472535,0.491449421,0.48305289
Q96DT5,0.47804517,0.422398488,0.342248898
Q13443,0.455893523,0.503919111,0.445271977
Q9Y6Q6,0.476760475,0.639945913,0.568302712
Q96I99,0.499657575,0.502951216,0.480958388
O15164,0.548078486,0.566798147,0.431862956
O60762,0.611513632,0.557068326,0.534613137
P49915,0.607077576,,0.438604359
O43490,0.432592569,0.472970432,0.45504712
Q13501,0.514105687,0.468508163,0.493446606
Q13614,0.45341314,0.568985687,0.570070192
P35609,0.482048144,0.440104352,0.433928593
O95999,0.501497576,0.501805821,0.489138334
O00170,0.430300942,0.575120572,0.433717367
Q04771,0.459956751,0.487645463,0.472817801
Q5HYA8,0.436406235,0.531079813,0.468805172
O15427,0.501596995,0.523454082,0.53885412
O43395,0.749846433,0.586838188,0.673664207
P56696,0.52041606,0.573778238,0.591322091
Q0ZGT2,0.495076697,0.464690755,0.346461552
Q99650,0.532716466,0.53142997,0.450086649
Q96AA3,0.550542167,0.770071109,
Q8N183,0.483585005,0.569911564,0.711852878
P83436,0.571087712,0.586574362,
O00400,0.521063342,0.65506727,0.537498085
O95972,0.537332508,0.46140362,0.717436463
O95461,0.499267305,0.622104485,0.650877055
O95292,0.4560449,0.577129096,0.512354208
Q96JP9,0.461801019,0.580997168,0.624410916
O95237,0.507297346,0.503169024,0.478889376
Q13253,0.464859047,0.541344457,0.580649988
Q9BUM1,0.469611019,0.676476181,
P15391,0.552732669,0.586506821,
O60882,0.489595525,0.600002899,0.508983206
P11836,0.595159816,0.616849349,0.419643463
Q15643,0.467918387,0.483947864,0.546851907
Q9UBQ7,0.547248866,0.564885787,0.413587095
Q9HC10,0.443946999,0.55690773,0.624410916
Q8WTW3,0.608017317,0.623352622,
Q13705,0.483992567,0.587653341,0.44348699
O94761,0.590272747,0.580229509,0.472038358
Q8IWN7,0.473764787,0.625433797,
O75881,0.475360331,0.696904323,0.311948485
Q9UQF2,0.558201276,0.50098731,0.4385827
Q9UBF9,0.48353468,0.470595165,0.427877028
P37023,0.476684182,0.496601273,0.475114751
Q14108,0.425410616,0.563595997,0.422605681
Q99732,0.565685602,0.558492706,0.476458035
O15270,0.600523891,0.65180187,0.277093378
O75352,0.470545616,0.757440646,
O15160,0.549825438,0.597520183,0.55302244
Q9UNW1,0.48152748,0.556606906,0.666877547
O14653,0.522613897,0.557223728,0.48305289
Q9NR23,0.476934746,0.590737924,0.585440285
Q9Y5K2,0.466233806,0.459724275,0.625613868
O95837,0.658218015,0.481268335,0.492522937
Q15051,0.414248786,0.487528359,0.634643889
O75056,0.587562249,0.518467679,0.761907987
P11912,0.624393402,0.501026786,0.60908691
P40259,0.626913652,0.554605497,0.60908691
P60033,0.506156693,0.590506266,0.408283051
Q8TDY2,0.509717201,0.445173413,0.560635709
Q9Y4G2,0.490606571,0.594324604,
Q92562,0.464640063,0.558460935,0.622161864
Q12768,0.502466259,0.528239974,
O43299,0.566740791,0.539058303,
O95140,0.437274049,0.541308495,0.498725809
Q9Y5S9,0.560598383,0.535406217,0.69998718
Q8TBA6,0.537985785,0.560731909,0.474254334
Q9Y6J6,0.509891815,0.503485891,0.457409591
O43819,0.443903418,0.510485421,0.410384702
P12830,0.481373036,0.446392516,0.483945629
Q13495,,0.603359131,
Q02985,,0.756944832,
O75112,,0.420390524,0.545643923
Q86UK5,,0.569164124,
Q330K2,,0.634115163,
P11182,,0.549582508,0.352147356
Q86VQ0,,0.525079225,0.661965974
Q01844,,0.669948418,0.612060708
Q8TAF8,,0.678895618,
Q3MJ13,,0.585906958,
Q9UKJ5,,0.607893839,0.928810607
Q9BZV3,,0.474757989,0.40790063
Q8IXQ5,,0.596087609,0.799571424
P41219,,0.522766518,0.606101746
Q9P217,,0.370351983,
O00287,,0.575089836,0.617348414
P22748,,0.49383622,0.469256942
Q9BUN5,,0.575304644,
Q9BTV4,,0.453086055,0.535549142
P55197,,0.700499006,0.553245583
Q8TDP1,,0.395503849,
Q5BKT4,,0.770071109,0.828663984
Q96I36,,0.57449218,
Q12988,,0.743319935,
Q8IVM0,,,0.62413196
Q8TE56,,,0.527548103
P0DPB6,,,0.547106904
Q96AY3,,,0.332744689
Q96S82,,,0.530329128
Q92610,,,0.660157468