P45985,-0.001429844033675784
Q14315,-0.00037851671210570174
P23769,0.0020465060999755222
P29590,0.0057958514501708375
P15927,-0.0037077198970776474
P40763,0.003777419621777639
P84077,0.000497589389202711
Q9NZ52,-0.000553737932367387
P61204,-0.0008761061013084094
P53365,-0.0014017697620934493
P53367,-0.00017522122026168116
P05067,-0.000315592578173373
Q92624,0.00014714694867934747
P51693,-0.0010513273215700845
O75553,0.0003223681689410271
Q99967,0.0006728106094643968
P05549,0.0018432106081314621
Q09472,-1.877632283993514e-05
P04114,-0.0019274334228785144
P55157,-0.00017522122026168116
P32121,0.0012333241325994287
Q12967,-2.807427158233947e-05
P07333,0.0004975893892027112
P62993,-0.005418306646576892
P48634,-0.0005256636607850422
P02730,-0.0007008848810467247
Q9BWU0,-0.00017522122026168116
P20749,0.0018432106081314626
Q99728,-0.0018645092889461815
P08588,-0.0005256636607850422
O14908,0.0009951787784054217
P38398,-0.006378635562632295
P18846,-0.0003504424405233623
P43246,0.00026621962577634106
P52701,-0.0024530970836635435
O00192,0.0013736954905111292
P55291,-0.00017522122026168116
P49810,0.0006447363378820557
P07384,-0.0014017697620934493
P20807,0.001548916710772811
Q8WZ42,-0.0019273964937122645
Q14643,0.0013519508780239862
P35219,0.001548916710772811
Q96QZ7,0.0034202015904866013
P35222,0.018386415110672894
P06400,0.005010743754377111
P39880,-0.0010521416816258239
Q99816,-0.00046273952685272203
P38936,0.0013804710812787694
P33992,0.007366066841758378
P49736,0.0037144954878453283
O00311,0.0013456212189287909
Q13416,-0.0010794015931524235
Q9UBU7,0.0022217273202371646
O43823,-0.0012265485418317718
P27694,0.0003852923028733509
O43913,-0.0014017697620934493
P25205,0.0035673485391659967
Q15642,-0.00020329549184402074
P60953,-0.0011636244078994564
Q16667,-0.0005256636607850422
P24941,-0.003553797357630695
Q99708,-0.003329203184971985
P28749,0.0004695151176203725
Q00610,-0.0032101305078749962
O14964,-0.00131077135657879
P17936,0.003595422810748299
P02452,-0.0007008848810467247
P10599,-0.0014017697620934493
P15336,-0.0028316137957692398
P84022,0.013834728901393596
Q13485,0.0013106707845507068
P30281,0.0023688742689165487
Q9UBQ5,-0.0003785167121057032
Q15311,-0.0014017697620934493
P14635,0.002663168166275237
P41240,0.0008199575581437369
P08069,0.003392127318904312
P07585,0.0029226122012839034
P00533,-0.004851017532674145
Q14190,-0.00017522122026168116
P27540,-0.001752212202616819
P81133,-0.00017522122026168116
Q99075,0.001023253049987761
Q05516,0.0028735840809717213
P12004,-0.006125967118391196
P24522,0.0013456212189287924
P18146,0.0016960636594521566
Q92793,0.004604152770689006
Q14980,-0.00037851671210570136
P11171,0.00102325304998776
P19174,0.004036863656786362
P68104,-0.00431760637260968
Q86UP2,-0.0007008848810467247
P29692,-0.0015769909823551257
P35968,0.003079066594777013
P08758,0.001198474270249447
Q86YN6,0.0015489167107728106
P03372,0.0037591589164264303
P51532,0.005990453672399746
Q8TDD1,0.004471528912056757
Q5QJE6,0.00137369549051113
P11362,0.0025440954891782067
P14324,-0.0003504424405233623
P63165,-0.0007851076957937493
P25445,-0.0028035395241868986
P21333,0.0002662196257763403
P05556,-0.0012826970849964532
P18507,0.0013736954905111233
O95166,-0.0017802864741991618
P11168,-0.00017522122026168116
P52292,-0.004730972947065376
P14672,0.0011984742702494454
Q9UER7,0.0029574620636339055
Q13002,0.002577307614944946
O00560,0.0032449803702249355
Q9NRD5,0.009791089653839475
P39086,-0.0005256636607850422
O60563,0.0020184318283931984
P28799,0.0008480318297260775
P49795,-0.0010513273215700845
P19086,-0.0005256636607850422
P09471,-0.0005256636607850422
P08754,-0.0016050652539375007
Q03933,0.00014714694867934755
P63279,0.00720439680303192
P53667,0.001696063659452155
Q02297,-0.000526321191784111
P21781,-0.0003504424405233623
P98160,-0.0008761061013084094
Q8IZH2,-0.0007008848810467247
P46379,-0.002509245626828206
P42858,-0.0008131819673760822
Q9BYW2,-0.000526321191784111
P54257,-0.002628318303925241
Q8IUH5,0.0040087893852039855
Q14814,-0.0002032954918440206
P27348,-0.0033505018657866465
P15923,-0.0009322546444730897
Q02535,0.0008480318297260775
P35568,0.006139518299926596
P62258,-0.00023215880062524318
Q05397,0.004940092264346954
P45983,-0.0042895321010274065
P06213,-0.0009041803728907474
P01583,0.0013736954905111296
Q99608,0.0034288903518657618
O60674,-0.0002594440350087002
O14744,0.0005885877947173665
O15524,0.00046951511762037
P05783,-0.0015769909823551257
O75190,-0.002102654643140169
P02545,6.292413393232921e-05
P20700,0.0006728106094643947
P36956,0.002516021217595849
Q9UHQ1,-0.0003504424405233623
P55196,0.0020184318283931932
P11274,0.0014927681676081053
Q7Z465,0.002922612201283899
P10415,0.0007933344109551915
Q12982,0.0011984742702494469
Q16637,-0.003034909287613271
Q13625,0.0008199575581437351
Q9NQC3,0.0003223681689410267
Q14457,0.0016679893878698004
P19838,-0.005838448811800168
P12980,-0.0003504424405233623
Q86WV1,0.001023253049987761
P08575,-0.0007016503219471722
P09917,-0.0008761061013084094
Q14019,-0.00017522122026168116
P15498,-0.0014579183052581463
P12956,-0.0056913018631208805
Q15080,0.00102325304998776
P13010,0.0024317984028488625
P49959,0.0008199575581437396
P45973,0.006756180366226219
Q8N2W9,0.002516021217595843
Q9UJU2,0.000995178778405421
O75030,-0.0012265485418317718
P67809,0.007688435010699359
Q13242,-0.0010513273215700845
Q6VMQ6,0.004296307691795009
Q9UIS9,0.00014965424722787485
Q13111,0.0021655787770724997
Q9Y6X2,-0.0010794015931524245
Q9HBE1,0.0008480318297260783
P39687,-0.0008761061013084094
P46821,0.00014714694867934747
P33993,0.004948186945749079
Q9UBD5,0.0003223681689410267
Q03164,0.0039063931042660925
Q9UNP9,0.0006728106094643966
O75807,-0.00037851671210570456
P47736,-0.0003504424405233623
Q15223,-0.0003504424405233623
P07737,0.0003223681689410267
P20929,0.0008480318297260726
Q86TC9,-0.0003504424405233623
P08138,0.0030790665947770207
P22694,-0.0002032954918440206
Q9Y6H5,-0.00020329549184402087
P37840,0.009531645618830782
Q9H4G0,0.006020445622829495
P41279,0.0018712848797138148
Q04206,-0.004752271627880135
Q96BH1,-0.0012265485418317718
Q8WUF5,0.002396948540498894
P09651,-0.005130788339985821
P39748,-2.807427158233909e-05
P46087,-0.001079401593152421
Q96EZ8,-0.0007289591526290726
P14921,0.0018712848797138135
Q9UIW2,0.0015489167107728106
P31749,0.004613133895961
P31751,0.0013456212189287883
Q9UKG1,0.00029429389735869017
P15036,0.005319560741782778
Q15131,-0.0003504424405233623
Q9UPX8,0.0008501918981919446
Q14247,-0.0004065909836880422
O43516,-0.0008761061013084094
Q13573,-0.0003155925781733821
P12755,0.008214098671484385
Q92990,0.0018712848797138178
P08581,-0.0005499932669497126
Q9UGL1,-2.5341081640258952e-05
P55316,0.001198474270249447
Q15910,0.004534453045988997
Q04864,0.002719316709439899
P60510,-0.0010905844640921732
P41143,0.0027525811115588794
Q5JY77,0.0015489167107728106
O00159,0.000848031829726078
P22681,0.00281709070572222
P52306,0.000497589389202711
P61586,0.0041840106054657
Q02548,0.0008501918981919461
Q04727,0.0020465060999755214
P55771,0.0015489167107728106
Q92569,-8.422281474702094e-05
P42336,0.004631353883309299
Q15036,-0.0005256636607850422
P16109,-0.00017522122026168116
P98161,0.0010232530499877603
Q13563,-0.0005256636607850422
P48995,-0.0014017697620934493
P22459,0.0027473909810222584
Q12959,0.010317575492153069
O60921,-0.0015769909823551257
P23467,0.001025465394805852
Q5TCQ9,0.002922612201283894
P10644,-0.0024530970836635435
P31321,-0.0003504424405233623
Q92667,-0.0010513273215700845
P16591,-0.0007008848810467247
P82094,0.0013736954905111296
P28482,0.009447422804083809
P51955,0.0015208424391904597
Q5JVS0,0.0037706440310100197
P63244,-0.0021868774578872163
Q92636,-0.0008761061013084094
P10275,0.008023720810154603
P05107,0.001696063659452156
O15530,0.0027193167094399047
Q05513,0.0014646938960257698
Q8IX03,-0.001752212202616819
O75444,0.001023253049987761
Q9Y5K6,-0.003504424405233638
P20338,-0.0012265485418317718
Q15276,-0.0022778758634018734
P20339,-0.0014298440336757705
Q8TB24,-0.0003504424405233623
P61020,-0.0008761061013084094
O43924,0.0023969485404988808
P62834,0.001696063659452156
O15211,0.0013736954905111298
P61224,-0.00017522122026168116
P51587,0.0035687809112168773
Q06609,0.001639915116287467
Q96B01,-0.0007008848810467247
Q14565,0.0013736954905111296
O60381,0.0025721697607605314
Q12931,0.0008480318297260745
Q9NY61,-0.0015769909823551257
Q96FV9,-0.00037851671210570456
P19793,0.005628752152566305
Q9H0E9,0.0011703999986671018
P16157,0.0006728106094643968
Q02094,-0.00017522122026168116
P25791,-0.0019274334228785144
P29375,0.0013456212189287883
P17542,0.006665181960711538
P05386,-0.004906194167327087
P05387,-0.002831613795769236
Q15438,-0.0012265485418317718
Q13795,-0.00017522122026168116
Q5VST9,0.0013736954905111296
P48436,0.0025721697607605305
Q13285,0.00014714694867934815
P48552,0.006139518299926593
P10909,-0.0023059501349842206
P37173,0.0004695151176203679
O14795,0.004121086471533332
Q16623,0.0051362283418941125
P26842,-0.0007008848810467247
O15304,-0.0009041803728907482
P62942,0.004793897080997772
P36897,-0.0006098864755320761
P26885,-0.0005256636607850422
Q9Y6D6,-0.0007008848810467247
Q13402,-0.0005256636607850422
O43572,-0.0003504424405233623
O15273,0.0006728106094643968
O00213,-2.5341081640259203e-05
Q12800,0.0010232530499877607
Q03701,0.0011984742702494469
P25208,0.0018712848797138135
Q01094,0.0024317984028488656
Q13315,-0.002565394169992906
P00519,0.012720477445891097
P04629,0.0015076135485606046
P01112,0.003234729265313625
Q96JZ2,-0.0003504424405233623
P07332,-0.0007008848810467247
P01116,0.002221727320237166
P12931,0.012867624394570334
P29323,-0.0007016503219471722
P21580,0.005088190978356408
Q86VP1,-0.0022778758634018734
P04637,0.007597428739751861
Q9NZC7,-0.0012646340226246614
Q9UNH5,0.0008480318297260783
P19438,-0.00440860477812435
Q13200,-0.003763868440242361
P98077,0.0030978334215456165
Q16832,-0.0005256636607850422
P29353,-0.0004908137984350637
P12830,-0.0023059501349842215
O60716,0.0006447363378820534
Q75N03,0.001023253049987761
Q01543,0.0006728106094643949
P15976,-0.0007289591526290728
P40337,-0.005922671626547235
P61758,-0.0012265485418317718
Q6IE81,0.0037706440310100366
P18887,-0.0019274334228785144
P49916,-0.0014017697620934493
Q96T60,-0.0012265485418317718
P21506,-0.00017522122026168116
Q13263,-0.0013669198997434795
Q9HBM0,-0.00017522122026168116
P23025,-0.0015769909823551257
Q13156,-0.0007008848810467247
Q01831,0.0011703999986671027
P54725,0.001815136336549133
Q8IY22,-0.0001754960308105261
O75962,-0.0007016503219471722
P41180,-0.0003504424405233623
P51610,-0.002684466847089923
Q06546,0.0004975893892027105
P50052,-0.0003509364280718968
Q9ULD2,0.0015489167107728106
Q96S59,0.006286665248605837
P51784,0.0013175469473464352
P23246,0.004765822809415389
Q15233,0.003567348539165985
P41743,-0.001429844033675783
P51813,0.0008480318297260775
Q16825,-0.0003504424405233623
Q16650,0.0015516196859425052
O14936,0.004456581088637798
P41134,0.0018712848797138135
P62166,0.002747390981022252
Q9NZN1,-0.0001754960308105261
O15085,0.0010232530499877605
Q9ULL4,-0.00017522122026168116
Q6ZN44,-0.00017522122026168116
Q9Y5V3,-2.807427158234016e-05
O43463,-0.001163624407899453
Q05086,0.010983036190374868
Q9UHD9,0.0020465060999755175
P51151,-0.0005256636607850422
Q7Z6M1,-0.0003504424405233623
P56545,-0.0033572774565543135
O95600,-0.0003504424405233623
Q9BZI7,-0.001402410507107859
Q9HAU5,0.0003223681689410267
Q99741,-0.0009041803728907487
Q9Y5P8,0.0008480318297260757
O60220,-0.0003504424405233623
Q92783,-0.001752212202616819
Q99963,-0.0012265485418317718
Q96B97,-0.0025373198984105817
Q9Y4J8,-0.0005256636607850422
P11532,-0.0007008848810467247
P42768,-0.002831613795769237
Q9NQX3,0.0029279102417219
O43307,0.001376179288681135
O60828,-0.0008761061013084094
P83876,-0.0005256636607850422
Q9Y2W2,-0.0008761061013084094
Q8WW38,-0.0012265485418317718
P00451,-0.00017522122026168116
O14832,-0.0003504424405233623
O60880,-0.0012265485418317718
Q13291,0.001198474270249445
Q06787,-2.534108164025948e-05
P51114,0.0011984742702494467
Q9UHK0,0.0010232530499877603
P36507,0.003954043239117659
P10398,0.0051162652499388
P09884,-2.807427158234019e-05
P29558,-0.00017522122026168116
Q92834,0.0008480318297260775
Q96KN7,-0.0007008848810467247
P28335,-0.0001754960308105261
O75970,0.0003223681689410269
P08247,-0.00017522122026168116
O43747,-0.002628318303925241
P21675,0.0013175469473464345
P17480,-0.0007289591526290712
P49116,0.000497589389202711
Q9Y6Q9,0.010905341109342019
P78317,0.001317546947346433
Q13772,0.004121086471533325
Q9NQU5,0.0010232530499877607
Q96PM5,-0.0004065909836880412
O75928,0.006665181960711501
O14599,0.0013736954905111296
Q9BX66,-0.0019274334228785144
Q01101,-0.0003504424405233623
Q13185,-0.001633139525519846
Q14739,0.0011984742702494406
Q9UPT6,0.001696063659452156
Q07866,0.002046506099975517
Q07817,0.005410559147297419
Q9NQS1,0.0013736954905111298
Q12983,0.0003223681689410267
Q16799,-0.0003504424405233623
Q07812,-0.0005537379323673867
Q16548,-0.0008761061013084094
O95477,-0.0005256636607850422
Q13158,-0.003357277456554316
P98164,-0.0008994832227435718
Q9H9E1,0.002046506099975517
Q9P2M1,0.0015489167107728102
P98082,0.0004695151176203727
Q15543,-0.0014017697620934493
P20226,0.007428990975690662
Q05209,-0.0014017697620934493
O43586,-0.0010513273215700845
P49023,0.0018432106081314671
Q9NNX1,-0.0003504424405233623
Q9UBB9,0.0027473909810222584
Q5VU43,-0.0005256636607850422
Q08499,-2.807427158234014e-05
P41235,0.00029429389735868996
Q16236,-0.0017802864741991661
Q13569,0.0013456212189287913
O43918,0.0006447363378820554
Q10567,-0.001752212202616819
Q96SB3,0.000672810609464392
P42771,0.002782240843372233
P52333,0.00014714694867934953
O95411,-0.0003504424405233623
P42229,0.003567348539165996
P63241,0.0011984742702494462
P46777,-0.007969177726522666
Q9Y3E5,-0.00017522122026168116
Q08117,0.000497589389202711
Q04724,-0.0028316137957692398
Q96HZ4,-0.0001754960308105261
Q9Y261,-0.0007008848810467247
P40189,0.00032236816894102747
Q12929,-2.807427158233966e-05
O14640,0.0034202015904866
Q9UMS0,-0.0003504424405233623
P54198,-0.0014017697620934493
Q16513,0.0006728106094643966
Q12923,-0.0003504424405233623
P54253,-0.0001122970863293547
P38432,-0.00037851671210570396
Q9Y5Y5,-0.00017522122026168116
P40855,-0.0024530970836635435
Q15649,-0.0005256636607850422
P41252,-0.002978760744448599
P41250,-0.0010513273215700845
O43464,-0.0017802864741991663
Q16539,0.003307904504157249
Q9Y6W6,-0.0003504424405233623
Q96RK4,-0.000526321191784111
Q15154,0.002284651454169499
P56945,0.005613854639141522
Q13905,-0.0014017697620934493
P31151,0.0011984742702494426
Q9BWF2,-0.0014017697620934493
Q13045,-0.0007008848810467247
P33240,-0.0024530970836635435
P53999,0.0006728106094643968
Q05048,-0.0008761061013084094
O43543,-0.0007008848810467247
O75771,-0.0008761061013084094
Q02363,0.0008199575581437385
Q99081,-0.0012265485418317718
P15884,0.0025547482107624656
O00623,-0.0005256636607850422
P50542,-0.00040659098368803876
Q92968,0.0010232530499877594
P62330,0.0013456212189287844
P52298,-0.00017522122026168116
Q09161,-0.001752212202616819
Q6P1K2,-0.0012265485418317718
Q9NZJ5,-0.0005256636607850422
P78352,0.013505585141684697
P48050,0.004121086471533299
P16333,-0.0028596880673515605
P54762,-0.0007008848810467247
Q8N4C8,-0.00017522122026168116
P46063,-0.0003504424405233623
O00629,0.00014714694867934736
Q15303,0.0006529709664362555
P46937,0.0005885877947173872
O75925,0.007660360739117098
P42224,0.004184010605465719
P49137,0.0021936530486548473
P63252,-0.0003504424405233623
Q13009,-0.0012265485418317718
P26599,-0.000904180372890747
P14866,-0.0022778758634018734
P80217,-0.0007008848810467247
Q13287,-0.0010794015931524152
Q9Y2W7,0.0001471469486793486
P46527,0.00400878938520397
Q9UKX7,-0.00020329549184402136
Q13873,-0.001752212202616819
O15357,-0.001752212202616819
Q9Y618,0.011578151718806306
Q96T58,-0.001752212202616819
P49918,0.0003223681689410269
Q16739,-0.00017522122026168116
Q13562,0.0006728106094643968
Q14203,0.005291486470200483
P53618,-0.00037851671210570493
Q9Y678,0.0015208424391904638
Q9UBF2,0.000324705209645159
Q9UM54,-0.002102654643140169
Q9NPI6,-0.00037851671210570434
Q12830,-2.807427158233966e-05
P56270,-0.0007016503219471722
Q9Y624,0.0010232530499877603
Q07157,0.0015208424391904612
P78536,0.0010232530499877607
Q86SQ9,-0.00017522122026168116
P61916,-0.0005256636607850422
O43157,-0.0008769238185610805
Q92934,0.007541288062020061
P62312,-0.0014017697620934493
P62316,-0.004030088066018659
Q9UK45,-0.0015769909823551257
P62318,-0.0031539819647102515
P62310,-0.001752212202616819
Q9BY67,-0.0003509364280718968
Q13368,0.0015489167107728098
P62826,-0.001282697084996452
P43487,0.0010232530499877607
O43294,0.0034202015904866044
Q14289,0.00026621962577634144
Q9UMX0,0.0033079045041572597
P42345,-0.0011067738268963946
O00499,-0.002102654643140169
O95219,-0.00017522122026168116
P63104,0.005819130157775853
P36894,0.0018712848797138204
Q15427,-0.004205309286280338
P49802,-0.000526321191784111
Q76N89,0.0011984742702494469
Q8NEZ2,-0.0005256636607850422
Q92993,0.0008267331489113874
P41212,0.0004975893892027112
P10244,-0.0012546228134141058
Q969S3,-0.0005256636607850422
Q9HB71,0.0009951787784054217
P63208,-0.006945924676535003
Q13257,-0.0016050652539374925
Q92731,0.001681996908388038
P37231,0.01379987903904345
Q99933,0.00494104402967706
P11142,0.0014995437583757766
Q13322,0.007891730502543378
Q6Y7W6,-0.0008769238185610805
Q92786,0.0013736954905111296
Q9NRR5,0.001843210608131468
Q93009,0.0035783776984461804
O75530,0.0012894726757640997
Q07666,-0.0044086047781243505
Q13702,-0.0003504424405233623
Q92754,0.0027473909810222592
O14807,0.0025721697607605357
P06401,0.0030416848783809225
P55036,-0.0034415002713013123
P54727,-0.0017802864741991652
P10828,0.003917790979689308
P62195,0.00015392253944698642
Q13077,-0.0037077198970776456
Q5T1R4,-0.0007016503219471722
Q9UBF6,-0.0016050652539374927
Q93034,-0.004086236609183401
Q15047,0.0023800866831892877
O60683,-0.0005256636607850422
O00287,-0.0003504424405233623
P48382,-0.0007008848810467247
Q12933,-0.007177294439961341
Q92843,-0.0012265485418317718
O43521,-0.0009041803728907487
Q9UGK3,-0.0010513273215700845
Q13882,-0.0007008848810467247
Q14005,-0.0008761061013084094
O14974,0.0003223681689410288
Q06587,-0.0024811713552458847
O00257,0.0014927681676080973
P63000,0.005732927316238468
Q8NER1,-0.0008769238185610805
Q86SS6,0.0029226122012839
O75410,-0.0012265485418317718
O95619,0.0019903575568108443
P54105,-0.0028035395241868986
Q8IUQ4,0.001086177183920083
Q14807,-0.00017522122026168116
Q86TG7,-0.0012265485418317718
O43255,-0.004058162337601061
O15265,-0.0028035395241868986
O43186,-0.0005256636607850422
P46934,0.0032559534643163885
P62837,-0.0005750366131820689
Q13418,0.0007638090149790479
Q9H0C8,-0.00017522122026168116
P48059,-0.0005256636607850422
P50570,0.0032449803702249347
Q9Y566,0.0006749740351271958
Q13867,-0.0008761061013084094
Q14738,0.003778936643151226
P61296,0.001198474270249446
P13569,-8.422281474701631e-05
Q9HD26,0.002046506099975513
O15126,-0.0003504424405233623
Q15811,0.00046951511762037307
Q8WWN9,-0.0007008848810467247
Q99418,-0.0012265485418317718
P51843,-0.00037851671210570434
O94992,0.0018712848797138174
P49798,-0.0008761061013084094
P35606,-0.00020329549184402136
Q99759,0.002719316709439904
Q13163,-0.0010513273215700845
O00161,-0.0012546228134141062
O95295,0.0037706440310100327
Q9H6Z4,0.0011984742702494462
O14980,-0.006806764739156104
Q08379,-0.0007289591526290727
Q9H8Y8,-0.0015769909823551257
P61326,-0.0012265485418317718
Q9Y5S9,-0.001429844033675784
Q9UHC3,0.0011984742702494458
Q9NPH3,-0.0007008848810467247
Q9H0E2,-0.003329203184971985
Q12972,-0.0012265485418317718
Q92730,0.002396948540498892
Q13017,0.000850191898191945
P61587,0.0027473909810222584
Q99729,0.0008480318297260757
Q9H3D4,0.003567348539165992
Q96RI1,0.002221727320237166
Q15788,0.012776625989055712
O43929,-0.0012265485418317718
Q99767,-0.000526321191784111
O94985,0.0013736954905111292
O15117,-0.0005256636607850422
Q9Y478,-0.0012265485418317718
P54619,-0.0012265485418317718
Q9UGJ0,-0.0008761061013084094
O43741,-0.003210130507875
Q99666,-0.00017522122026168116
Q92973,-0.0014017697620934493
Q9Y6K1,-0.002643594988763576
Q9UNY4,-0.0003504424405233623
Q99459,-0.003995238203668615
O60437,0.0008480318297260775
Q674X7,-0.00017522122026168116
Q15424,0.0018712848797138148
Q14151,0.00137369549051113
P53779,-0.0003785167121056915
Q15759,-0.0010513273215700845
O15379,0.01166915012432092
O15105,6.292413393232692e-05
Q15654,-0.0019274334228785144
Q9HBW0,-0.0007008848810467247
P50458,-0.00017522122026168116
O75461,0.00014714694867935116
Q8N488,-0.0023340244065665674
P56282,-0.0005256636607850422
O00422,0.0004975893892027107
P62324,-0.0010513273215700845
Q99873,-0.0035605729483983335
Q8N8S7,0.0003223681689410269
Q8IZP0,0.004618675860736022
Q14511,-0.0007289591526290727
Q13616,-0.011824044572279754
Q9UQ35,-0.002158803186304851
Q9H307,-0.0007289591526290726
Q07820,-0.0031539819647102515
P53602,0.0013736954905111292
O14981,-0.0003509364280718968
O15360,0.00044144084603803333
Q14155,0.0044434546404743345
Q96RU3,-0.0012265485418317718
O95271,0.0003223681689410273
O15392,0.0027193167094399055
Q96GD4,-0.004408604778124349
Q93038,-0.00017522122026168116
Q15628,-2.807427158233947e-05
Q9Y572,-0.0008761061013084094
Q13546,-0.0025092456268281994
Q9UDY8,0.00014714694867935015
O95999,0.0004695151176203667
Q96LW7,-0.00017522122026168116
P61966,-0.0007008848810467247
P56377,-0.0008761061013084094
O75843,0.0013736954905111292
O75379,-0.0007008848810467247
Q9BXS5,-0.002102654643140169
Q9UBB5,0.0016679893878697974
Q9HCN4,-0.0007008848810467247
Q8WWY6,0.0018712848797138124
O95983,-0.0019466178849454371
O94941,0.0011984742702494462
P68036,0.004036863656786359
Q5T2W1,-0.0002032954918440276
Q9H015,-0.00017522122026168116
Q13113,-0.00017522122026168116
Q96S37,-0.00017522122026168116
O00429,0.000848031829726078
P49841,0.007253769755428917
O60583,-0.0010513273215700845
Q13619,-0.010366126267021544
Q13617,-0.006861701861787929
P51159,0.002221727320237167
Q96C24,0.003945865251271691
Q13895,-2.807427158233966e-05
Q12815,0.0010232530499877603
P49758,-0.0005256636607850422
Q9NPF5,0.0007918832865613826
Q00722,-0.0003504424405233623
Q96QT4,0.0013736954905111292
Q99569,0.001198474270249446
Q96RT1,0.0013519508780239808
O15031,-0.00017522122026168116
A5D8V6,-0.0007008848810467247
Q14344,-0.0012265485418317718
O75969,-0.0008761061013084094
O75791,-0.002628318303925241
Q13480,0.0030697591499632935
O95273,-0.0014017697620934493
Q9UJX4,-0.0014298440336757796
P11940,-0.003413425999718975
O60784,-0.0008761061013084094
Q9H078,-0.0005256636607850422
O75716,-0.0005256636607850422
Q9UJ70,-0.0005256636607850422
Q9Y2A7,0.0027525811115588802
O95257,-0.001752212202616819
Q8TAE8,0.000497589389202711
Q9UNF0,-0.0005256636607850422
Q9UKS6,-0.0005256636607850422
O15020,-0.0005256636607850422
P48048,-0.0005256636607850422
O14745,0.007015624401234962
P41271,-0.00017522122026168116
P07237,-0.0005537379323673889
Q15075,-0.0005256636607850422
Q9UL26,-0.0005256636607850422
O94763,-0.0007008848810467247
Q969H4,-0.0007008848810467247
Q9NS23,-0.0005818122039497275
Q9UKK3,-0.00017522122026168116
Q14764,0.002396948540498891
Q92769,-0.0031123565115926534
Q9NRI5,0.0011771224498033173
Q99689,0.00046951511762037193
Q9Y5X1,-0.0014017697620934493
Q13444,-0.0015769909823551257
Q86YS3,-0.0005256636607850422
P62491,0.0011703999986671005
P17081,-0.0012265485418317718
Q9UPT5,0.00014714694867934777
Q96BK5,-0.0007008848810467247
Q9BY11,-0.0012265485418317718
Q9H3M7,0.0004975893892027112
Q9Y2Y4,0.0023969485404988938
O95196,-0.00017522122026168116
Q07912,0.0023407999973342115
O94829,0.0010232530499877603
P26367,0.002051820926398191
Q9NQ66,-0.000526321191784111
Q9Y5N6,0.0004975893892027114
Q9UPM8,-0.0007008848810467247
Q9Y6B7,-0.0003504424405233623
Q9BS16,-0.0005256636607850422
P35712,0.0025721697607605436
O15116,-0.0007008848810467247
Q9Y333,-0.0019274334228785144
O95777,-0.0007008848810467247
Q969L4,-0.0005256636607850422
Q9H8V3,-0.0012265485418317718
Q9NPB6,-0.0024530970836635435
Q9UJY1,-0.0010513273215700845
P04792,-0.0022149517294695518
Q9P2T0,-0.00017522122026168116
P48643,0.0019903575568108378
Q13136,-0.00037516483872905153
Q9Y2X7,0.002691242437857581
P10276,0.011846023804872496
Q92890,-0.0022778758634018734
Q8TAT6,-0.002978760744448599
Q96RU7,-0.0010794015931524245
P18848,0.000294293897358689
Q15596,0.008038877451222637
Q99684,-0.0012265485418317718
Q96J02,-0.004668048813133119
Q96RS0,0.0008480318297260775
Q99417,-0.0007008848810467247
Q8TBZ2,-0.00017522122026168116
Q08397,-0.00017522122026168116
Q9UBX5,-0.00017522122026168116
P02795,-0.0008761061013084094
Q15139,-0.0007289591526290725
P03891,-0.00017522122026168116
Q9Y3C5,-0.002130728914722522
P42566,9.099840551465964e-05
Q15599,0.0015208424391904636
Q92813,-0.0007008848810467247
Q8TEY7,-0.0015769909823551257
Q9NS56,0.0008199575581437393
O15534,0.0004998118056115987
Q16526,0.008242172943066608
O15055,0.0010254653948058524
O00327,0.004969118301259438
Q9NVV9,-0.0015769909823551257
Q96IZ0,0.00032236816894102823
Q8NC51,0.001548916710772809
Q12873,-0.004382143399867952
Q00613,-0.00405816233760105
Q92797,0.0032449803702249294
O60941,-0.0007008848810467247
Q12840,-0.0007008848810467247
P33991,0.003409112625141086
P61968,0.0003223681689410267
P24864,0.0021655787770724997
Q13618,-0.010705563863962599
O43491,0.0013736954905111292
P42261,0.004479696828311917
O15018,0.0013736954905111292
Q9UQB3,-0.0003509364280718968
P63215,-0.0008761061013084094
O14775,0.0016960636594521535
O60262,-0.0008761061013084094
Q9Y2I7,-0.0003504424405233623
Q99523,-0.0007008848810467247
Q9UJY4,-0.0019274334228785144
Q5RKV6,-0.001752212202616819
Q96B26,-0.0022778758634018734
Q15024,-0.0022778758634018734
Q96IT1,0.001198474270249446
Q96L73,0.0008501918981919468
Q8TB72,-0.0005256636607850422
Q8WY41,-0.0003504424405233623
O15160,-0.003329203184971985
Q9Y2S0,-0.001752212202616819
Q9UNL4,0.000995178778405423
P61923,0.00014714694867934736
Q9P299,-0.00017522122026168116
Q96NW7,0.0029226122012838904
Q8WXI2,-0.0001754960308105261
Q8IYI6,0.002046506099975521
Q96KP1,0.003420201590486639
Q9HAP6,0.001025465394805852
Q8TDR4,-0.00017522122026168116
Q14582,0.00102325304998776
Q5T124,0.0004975893892027112
Q9UKY1,0.000848031829726078
Q9H4I2,-0.0003504424405233623
Q8IXK0,-0.002978760744448599
O15511,-0.0014017697620934493
P59998,-0.0014017697620934493
Q96KR7,-0.00017522122026168116
P62136,-0.005368933694179852
Q8NFD5,0.0011771224498033168
O94906,-0.0019555076944608556
Q9NX01,-0.00017522122026168116
O15083,0.0025721697607605314
O75335,-0.0005256636607850422
Q9UI08,0.0008480318297260783
Q6XZF7,-0.0005256636607850422
Q9UK41,-0.0014017697620934493
Q9P0L9,-0.00017522122026168116
P19429,-0.0010513273215700845
Q59H18,-0.00017522122026168116
Q9Y2M5,0.0003223681689410273
Q12962,-0.0011074758647347705
Q9Y3B2,-0.0022778758634018734
O94921,-0.0008769238185610805
Q92599,0.001373695490511129
Q9UKI8,-0.0005256636607850422
Q9Y294,-0.001605065253937494
Q9NVP2,0.00029429389735869397
Q7Z5G4,-0.00017522122026168116
Q08378,0.0011984742702494406
Q9BYE9,-0.00017522122026168116
Q6P0Q8,-0.0003504424405233623
P18615,-0.0005256636607850422
Q8WX92,0.0004975893892027105
O95870,-0.00017522122026168116
Q99942,-0.0010794015931524202
P67870,0.000238145354193989
P19784,0.0009390302352407384
Q99618,-0.0008761061013084094
Q13137,-0.004030088066018659
Q96S44,-0.0010513273215700845
Q14533,-0.00017522122026168116
Q9BQD3,-0.0012265485418317718
P60709,0.002810315114954565
P23528,-0.0019274334228785144
Q15555,0.0006728106094643949
P24278,-0.0003504424405233623
P98175,-0.000553737932367387
Q9UKA9,-0.0007016503219471722
P57060,-0.00017522122026168116
O15162,-0.0005537379323673875
Q16630,-2.807427158233947e-05
O00214,0.000672810609464392
Q15038,-0.0017802864741991626
Q96GG9,-0.0005537379323673872
Q8TES7,0.0006728106094643959
Q9Y6E0,0.0002942938973586986
Q9BUL8,-0.0014017697620934493
Q9NWS9,-0.0015769909823551257
Q9H4T2,-0.00017522122026168116
Q15834,-0.0014017697620934493
Q7Z3B3,-0.0014017697620934493
Q9GZQ8,-0.002978760744448599
Q13227,0.005817150130985523
P21673,0.0008480318297260723
Q96I25,-0.0008761061013084094
Q93062,0.002340799997334202
Q96SI9,-0.0003504424405233623
Q86UW9,-0.0012265485418317718
P32242,-0.000526321191784111
Q9BQ66,0.002046506099975519
P46976,-0.0005256636607850422
P13807,-0.0003504424405233623
Q9NP66,-0.001752212202616819
Q96BS2,-0.0003504424405233623
P56597,0.0030978334215456178
Q8WWB3,-0.0003509364280718968
Q96CG3,-0.0007008848810467247
P31947,0.002340799997334213
P08670,0.0004414408460380341
O95251,0.0009951787784054228
Q8N6Y0,-0.0005537379323673871
Q13561,-0.0007289591526290723
Q9NX65,-0.0012265485418317718
P04259,-0.00017522122026168116
P19012,-0.001254622813414105
Q96HA1,-0.0007008848810467247
O95994,-0.00017522122026168116
Q9NZ81,-0.0003504424405233623
Q53G59,0.003420201590486632
Q8WUB8,0.0022217273202371677
Q969R5,-0.0014017697620934493
P62760,-0.0003504424405233623
P43355,-0.001752212202616819
Q9NQG6,-0.00017522122026168116
P37198,-0.00040659098368804196
Q7Z3B4,-0.0003504424405233623
Q9UH92,0.0006728106094643934
P60520,0.0013175469473464348
O43663,-0.0008761061013084094
P40426,-0.0003504424405233623
Q6RW13,-0.0005256636607850422
Q8IVL1,-0.0003509364280718968
Q6ZU52,-0.00017522122026168116
O60504,0.0020465060999755196
Q8NEU8,-0.0008761061013084094
P51946,0.00046951511762037074
O60232,-0.0005256636607850422
Q9UNK0,-0.0008761061013084094
Q9UEU0,-0.0003504424405233623
P52789,-0.00017522122026168116
Q9Y281,-0.0003504424405233623
P43364,-0.0005818122039497287
Q8IXB1,-0.0003504424405233623
Q86SE5,-0.0005256636607850422
Q9UIF8,-0.0001754960308105261
Q8NDC0,-0.0005256636607850422
O75340,-0.0014017697620934493
Q9Y5Z4,-0.00017522122026168116
O94972,-0.0019274334228785144
Q9H5Z6,-0.0003504424405233623
Q6P1W5,0.0006728106094643964
Q13526,-0.0023620986781488808
Q9BWD3,-0.00017522122026168116
O43739,-0.0003504424405233623
Q8NHQ8,-0.0014017697620934493
Q96NE9,0.001198474270249445
Q96G97,-0.0003504424405233623
Q96HH6,-0.00017522122026168116
Q15006,-0.0014017697620934493
O43402,-0.0003504424405233623
P51116,0.003420201590486616
Q9BZL3,-0.00017522122026168116
Q14919,-0.0014017697620934493
Q9UL45,-0.0014017697620934493
Q96BD8,-0.0007008848810467247
Q96LK0,-0.0003504424405233623
O43765,-0.004205309286280338
P10451,-0.0005256636607850422
Q8N8B7,-0.0005256636607850422
Q99750,-0.0025373198984105674
Q96M61,0.0011984742702494469
P62308,-0.0012265485418317718
Q96D03,-0.00017522122026168116
Q8TAI1,-0.00017522122026168116
O43889,-0.0010513273215700845
P07910,-5.614854316467966e-05
O00505,-0.0008761061013084094
Q9UFF9,0.0003223681689410271
P31269,-0.0008761061013084094
P78362,-0.008936282233345758
P26368,-0.003791942711824648
O96015,-0.0003504424405233623
Q96FJ2,0.0020465060999755183
Q92609,-0.001402410507107859
O60568,-0.0003504424405233623
Q9BQY4,-0.0005537379323673864
Q96K80,-0.0003504424405233623
Q13501,0.006524810602799872
Q02040,-0.00017522122026168116
P35638,0.001317546947346433
Q9BPX1,-0.0003504424405233623
P53992,-0.0008761061013084094
Q15437,-0.0005256636607850422
Q9Y3Q8,-0.0019274334228785144
P68402,0.0011984742702494421
Q15102,0.0011984742702494421
Q8TBE0,-0.0010513273215700845
P63261,-0.002978760744448599
O76083,0.0013736954905111288
Q13049,-0.002469434163132748
Q14847,-0.0007016503219471722
Q15645,0.002018431828393196
Q13426,0.001871284879713817
Q0D2I5,-0.00017522122026168116
P43378,-0.0003504424405233623
O95197,-0.00017522122026168116
Q8WU10,-0.00017522122026168116
Q96BW1,-0.00017522122026168116
Q96HA8,-0.0008761061013084094
Q9NZN8,0.0025721697607605305
O75175,-0.0017524567983932778
P50402,0.0032169060986425905
Q969F0,-0.00017522122026168116
O75528,0.008214098671484378
Q96ES7,0.0007918832865613965
P43358,-0.0012265485418317718
P14927,-0.0010513273215700845
Q9UBT2,0.0008480318297260783
Q9UBE0,-0.0007016503219471722
P04899,-0.000728959152629071
Q99259,-0.0001754960308105261
P46952,0.0015489167107728089
P21964,-0.0001754960308105261
Q06455,0.0032169060986425874
Q9P2A4,-0.0008761061013084094
P48775,0.001200794524968916
O95671,0.0015489167107728089
O75525,0.00032236816894102747
P51668,-0.0036728700347277003
Q9HCM9,-0.0010794015931524243
O43617,-0.0010513273215700845
O75865,-0.0003504424405233623
Q9H0M0,-0.0005818122039497272
Q14061,0.0015489167107728089
Q9BW62,-0.0001754960308105261
Q15475,-0.0005256636607850422
Q9BUH8,-0.00017522122026168116
Q16851,-0.0003504424405233623
O95376,0.0003223681689410271
O75886,-0.001752212202616819
P36406,-0.0022778758634018734
Q0VDD7,-0.0007008848810467247
Q01826,0.005116265249938798
Q7Z5J4,-0.0001754960308105261
Q9Y577,-0.0008761061013084094
Q92530,0.0010232530499877585
Q96LM6,-0.0003504424405233623
P43686,-0.007008848810467276
Q01105,0.004765822809415377
Q9BT49,-0.0008761061013084094
Q13191,0.002018431828393196
O76071,-0.001752212202616819
Q9Y3D0,-0.0010513273215700845
Q5T681,-0.0003504424405233623
Q02080,-0.0003504424405233623
Q8IYF3,-0.0015769909823551257
Q96AJ1,-0.0003504424405233623
O95967,0.0008480318297260783
Q96EQ0,-0.0003504424405233623
P61457,-0.0007016503219471722
O95990,-0.0003504424405233623
Q9BT92,-0.0005256636607850422
Q9UI36,0.0025721697607605314
Q16206,-0.0003504424405233623
Q8IY31,-0.0012265485418317718
P14373,0.003013610606798613
Q15013,-0.0007008848810467247
Q8IYX3,-0.00017522122026168116
P15622,-0.00017522122026168116
P54652,-0.0014017697620934493
Q9NZL4,-0.0014017697620934493
O14764,-0.00017522122026168116
Q53FD0,-0.00017522122026168116
P63010,-0.002628318303925241
Q9UMX1,-0.0010513273215700845
Q8NEA6,-0.0003504424405233623
O43167,-0.00017522122026168116
Q7Z6G3,-0.0012265485418317718
Q9BU64,-0.001752212202616819
Q9H0I2,-0.0005256636607850422
Q9NZD8,-0.0010513273215700845
P09012,-0.0019274334228785144
Q9Y6C2,-0.0008761061013084094
Q96QG7,-0.0005256636607850422
O75177,0.001198474270249447
Q8N9N5,0.0003223681689410271
P61289,-0.002656392575507588
Q8TBK6,-0.0007008848810467247
Q86U70,0.001696063659452147
Q9BWG4,-0.0003504424405233623
Q6UWE0,-0.0007008848810467247
Q6BCY4,-0.00017522122026168116
O43734,-0.002102654643140169
Q9UM19,-0.00017522122026168116
P15531,0.0015208424391904612
O00746,-0.0003504424405233623
Q9BQ61,-0.00017522122026168116
O95379,-0.00017522122026168116
Q9NPJ6,-0.002039730509207854
Q96KQ7,0.0021655787770724975
Q5JSZ5,-0.0005256636607850422
Q7Z614,-0.0003504424405233623
Q9NRF9,0.00014714694867935295
P10124,-0.00017522122026168116
Q16626,-0.0003504424405233623
Q96QU8,-0.00017522122026168116
Q9Y262,-0.0003785167121057032
Q12846,0.000995178778405421
Q9H190,-0.0005256636607850422
O95751,-0.0014017697620934493
Q9UBL3,0.012510406363279462
Q9C005,-0.0008761061013084094
Q96HB5,-0.0005256636607850422
P09914,-0.0007008848810467247
O14879,-0.0010513273215700845
Q9BQ70,-0.0007008848810467247
P60981,-0.0003504424405233623
P29972,-0.0003504424405233623
Q07352,-0.0003504424405233623
Q9NX63,-0.0003504424405233623
Q15046,-0.0022778758634018734
Q13155,0.00011907267709700128
Q13247,-0.0007008848810467247
Q15287,-0.00215880318630485
P45984,0.00044144084603803144
Q9C0F1,-0.0008761061013084094
Q13422,0.0006447363378820542
P55055,0.0065180350120322625
Q9UHB7,-0.0007289591526290727
P0CG48,-0.011284829729959317
Q8N5R6,-0.0007008848810467247
Q7L190,-0.0007008848810467247
Q16665,-0.0023901729497312145
O60224,-0.00017522122026168116
Q9P0T4,0.000848031829726078
Q9BRK4,0.0037789366431512333
P36575,-0.0005256636607850422
O14641,0.0013175469473464337
Q9UI14,-0.0015769909823551257
Q8NI60,-0.0003504424405233623
O43189,-2.807427158233947e-05
P49761,-0.0008761061013084094
Q9BUV0,-0.0005256636607850422
Q96IZ5,-0.0003504424405233623
Q9NWT6,0.000497589389202711
Q96DX5,-0.001752212202616819
P61978,0.0007638090149790452
P43243,0.0027473909810222493
P38159,0.0015208424391904643
Q5VWX1,0.0006749740351271917
P49910,-0.0008761061013084094
P13994,-0.00017522122026168116
Q9NXR7,0.0013456212189287937
Q9NWV8,-0.0014017697620934493
Q8NF64,0.0010232530499877607
Q13432,-0.0019274334228785144
Q96GX8,-0.0003504424405233623
P47804,-0.00017522122026168116
Q96EK5,0.0011984742702494452
P17040,-0.00017522122026168116
P57086,-0.0010513273215700845
Q8NA54,-0.00017522122026168116
P11802,-0.0016331395255198293
P55273,-0.0005256636607850422
Q9HAC8,-0.0005256636607850422
Q00587,-0.00017522122026168116
Q8WYJ6,-0.0005256636607850422
Q14141,-0.0012265485418317718
Q15637,-0.00037851671210569653
Q92841,0.0011703999986671044
Q8N655,-0.0003504424405233623
Q9P218,-0.00017522122026168116
Q96DC7,-0.00017522122026168116
Q9Y467,-0.0005256636607850422
Q8TAP6,0.000848031829726073
Q9NS73,0.004268233420212704
Q9GZM8,0.006533298028283058
O00444,-0.0003504424405233623
P09913,-0.0003504424405233623
Q9Y5P3,-0.0003504424405233623
Q01844,-0.005284710879432799
Q9H869,-0.0007008848810467247
Q9Y4Z0,-0.0014017697620934493
Q9UHX1,0.00046951511762036694
P14868,-0.0019274334228785144
Q9NRF8,-0.00017522122026168116
Q8TBB1,-0.0007570334242114062
P53816,-0.0003504424405233623
Q8NEF3,-0.00017522122026168116
Q8N6V9,-0.00017522122026168116
Q9NP64,-0.0003504424405233623
Q8N490,-0.00017522122026168116
Q9BT78,-0.0028316137957692393
O60573,0.0025721697607605327
Q9NRA8,0.0013736954905111279
Q96S15,-0.0007008848810467247
P35900,-0.0007008848810467247
P60896,0.0009847972703732834
Q5JVF3,0.0013736954905111285
P05161,-0.0037077198970776474
Q9UMW8,-0.0007008848810467247
Q9P2K3,0.0004975893892027114
P60880,-0.0003751648387290513
O75558,0.0011984742702494454
Q9UBY9,-0.00017522122026168116
P49247,0.0010232530499877603
P09493,-0.0015769909823551257
Q8TAI7,-0.0003504424405233623
Q9UJ83,-0.0003504424405233623
Q96E35,0.0013736954905111283
Q9Y2I6,0.0006749740351271961
Q9BR84,-0.0001754960308105261
Q9NRN7,-0.0005256636607850422
Q9H6L4,-0.0003504424405233623
P27448,0.002544095489178205
Q9BU76,-0.0003504424405233623
P12277,-0.00017522122026168116
Q92871,-0.00017522122026168116
P20340,-0.0014017697620934493
O15287,-0.0007570334242114066
O96006,0.0010232530499877598
Q9BTD8,-0.0003504424405233623
O75909,-0.0007008848810467247
P25786,-0.007737807963096306
O43809,-0.001752212202616819
Q8N684,0.0006728106094643966
P0CG47,-0.0005256636607850422
Q9UJX2,-0.0031539819647102515
O95073,-0.0010513273215700845
Q9Y6M9,-0.0010513273215700845
Q8WWR8,-0.0007008848810467247
Q9H0R8,0.001990357556810831
P49407,-0.00271254111867223
Q14749,-0.00017522122026168116
O14777,-0.0028035395241868986
Q9Y3C0,-0.0010513273215700845
P62854,-0.006539333692846901
Q969E8,-0.00017522122026168116
O95198,0.0023969485404988808
Q9H0L4,-0.0005256636607850422
Q99961,-0.0008761061013084094
Q9H788,-0.0010513273215700845
O75800,-0.00017522122026168116
Q9BW83,-0.0003504424405233623
Q9Y547,-0.00017522122026168116
P61964,0.009503571347248515
P02538,-0.0003504424405233623
Q8HWS3,-0.00017522122026168116
Q96SK3,-0.00017522122026168116
Q9UKT9,0.00014714694867934736
P62899,-0.007212144302311295
O94875,0.00014714694867934796
Q15906,-0.0008761061013084094
A9UHW6,-0.0005256636607850422
Q9BXK5,-0.00017522122026168116
O75604,-0.0028035395241868986
Q96CN9,-0.0003504424405233623
Q9BV68,-0.002102654643140169
Q9Y248,-0.0007008848810467247
Q9BRT9,-0.0005256636607850422
Q8TAB5,-0.0005256636607850422
Q9Y4K3,-0.003378576137368983
P27482,-0.00017522122026168116
Q9H0B3,-0.0003504424405233623
P48443,0.0037789366431512234
Q9UL33,-0.0008761061013084094
O94818,-0.0005256636607850422
Q14134,-0.00020329549184402068
Q92997,-0.0015774614695251378
Q9UIC8,-0.00017522122026168116
Q9NVD7,-0.0005256636607850422
Q969J3,-0.00017522122026168116
Q68CQ4,-0.0003504424405233623
Q96ME1,-0.0005256636607850422
Q96H20,-2.807427158233928e-05
Q9BRG1,-0.0008761061013084094
P49902,-0.00017522122026168116
Q9Y5B8,0.0004975893892027105
P62263,-0.004962342710491767
Q16594,0.003188831827060277
O76003,-0.0010513273215700845
Q15561,-0.00017522122026168116
Q9GZV5,0.0004975893892027105
Q92844,-0.0024530970836635435
Q5D1E8,-0.0015769909823551257
Q5SW96,0.0011984742702494469
O43639,-0.0009322546444730925
Q9NYB9,0.000497589389202711
Q8WV99,-0.0008761061013084094
Q9Y2X8,-0.0028035395241868986
Q04695,-0.0003504424405233623
Q9UEE9,-0.00017522122026168116
Q9NRG1,-0.0003504424405233623
Q96G04,-0.0003504424405233623
P06753,-0.0008761061013084094
Q15025,-0.0007289591526290705
Q8TBN0,-0.00017522122026168116
Q96QF0,-0.00017522122026168116
Q9BY43,0.000848031829726078
Q9BSW7,-0.0003509364280718968
Q9UPY8,-0.0010513273215700845
O15372,0.0004695151176203727
Q8NEC5,-0.0003504424405233623
Q5VWN6,-0.0003504424405233623
P49366,0.0011984742702494428
Q9GZV4,-0.0003504424405233623
Q15019,-0.0012265485418317718
O60260,-0.004504119956391117
Q96C28,-0.00017522122026168116
Q9NWS0,-0.0019274334228785144
Q9BWN1,-0.0005256636607850422
Q96D15,-0.00017522122026168116
Q16512,-0.001254622813414104
P00492,-0.0003504424405233623
P32969,-0.00531278515101519
Q8NDP4,-0.00017522122026168116
Q13643,-0.0005537379323673872
P78337,-0.000526321191784111
Q93045,-0.0003504424405233623
Q13232,-0.0005256636607850422
Q9BXC9,-0.0003504424405233623
O43707,0.002205480789165233
Q9NPC6,0.0015489167107728089
O14639,-0.00017522122026168116
Q9Y3B6,-0.00017522122026168116
P17028,-0.0008761061013084094
O43251,0.0004975893892027098
P78368,-0.0005256636607850422
Q9Y5P4,-0.0003504424405233623
Q9BZY9,-0.0008761061013084094
Q15056,-0.0003504424405233623
Q9H3H3,-0.00017522122026168116
Q8IVS8,-0.00017522122026168116
Q6UY14,-0.00017522122026168116
P28702,0.0034288903518657665
P62158,0.005732927316238459
Q9UJW9,-0.0003504424405233623
Q3YEC7,-0.0005256636607850422
Q6FIF0,-0.0003504424405233623
O75506,-0.0003504424405233623
P35398,0.0004975893892027105
Q9Y312,-0.0005256636607850422
Q56P03,-0.00017522122026168116
Q8WZ19,0.0018767699639808842
O15198,0.001023253049987761
P26641,-0.0009041803728907478
P30279,-0.00020329549184402074
O94855,-0.0005256636607850422
O00148,0.000848031829726078
P82979,-0.00017522122026168116
P57077,-0.0003504424405233623
Q8N5C8,-0.0015769909823551257
P23434,-0.00017522122026168116
O43488,-0.00017522122026168116
O95154,-0.00017522122026168116
Q96GY3,-0.001752212202616819
Q5TAQ9,0.0004975893892027115
Q96FC7,-0.00017522122026168116
Q9UBU8,0.003364053047321951
Q96HT8,-0.00017522122026168116
Q9NXH9,-0.0005256636607850422
Q9Y295,-0.0003509364280718968
Q9H446,0.0013736954905111283
Q96CV9,-0.002831613795769248
Q96GX9,0.0013736954905111277
P49639,-0.0007016503219471722
Q9UNY5,-0.00017522122026168116
Q14687,-0.0007008848810467247
Q9UNI6,-0.00017522122026168116
Q9H267,-0.00017522122026168116
Q9H9C1,-0.00017522122026168116
Q9BVI4,-0.0005256636607850422
Q13435,-0.0024811713552458795
Q9UQ90,-0.00017522122026168116
Q9GZZ9,-0.0003504424405233623
Q9BTA9,-0.001227303911141424
P14136,-0.0005256636607850422
Q96HL8,-0.0003504424405233623
P52737,-0.0003504424405233623
Q9NVZ3,-0.0005256636607850422
Q15050,-0.0012265485418317718
P60891,-0.0010513273215700845
O15155,-0.00017522122026168116
Q5T013,-0.00017522122026168116
Q9UKF7,-0.00017522122026168116
Q8N131,-0.00017522122026168116
Q9BXY8,-0.00017522122026168116
Q8N7W2,-0.00017522122026168116
Q96IM9,-0.0001754960308105261
Q9UJW3,0.0018712848797138128
Q9UHA3,-0.00017522122026168116
Q8N2X6,-0.0003504424405233623
P49674,-0.0005681019871997793
Q9UFG5,-0.00017522122026168116
P24534,-0.0012265485418317718
Q12905,0.002537752161495501
Q9BSL1,-0.0005256636607850422
Q9NYL2,0.0010232530499877605
Q8N184,-0.00017522122026168116
O95336,-0.00017522122026168116
Q15836,-0.0010513273215700845
O76038,-0.00017522122026168116
Q9H9D4,-0.0003504424405233623
Q8NHQ1,-0.0019274334228785144
Q9NR12,0.0015208424391904612
O00308,0.00011907267709699674
P17152,-0.0003504424405233623
P16444,-0.0001754960308105261
Q96JB6,-0.0005256636607850422
Q8N5Z5,0.000848031829726078
Q15583,0.0003223681689410277
Q9H444,-0.00020329549184403033
P61601,-0.00017522122026168116
P13805,-0.0005256636607850422
Q14186,-2.807427158233947e-05
Q9UHY1,-0.0007008848810467247
P62829,-0.006889776133370308
Q9P287,0.0008480318297260783
Q9NTM9,-0.00017522122026168116
O00506,-0.0016050652539375005
Q9C040,-0.0003504424405233623
P78324,-0.0003504424405233623
Q8TDX5,-0.00017522122026168116
Q96ED9,-0.0007008848810467247
Q9Y580,-0.0010513273215700845
Q9NQX5,-0.0003504424405233623
Q8IYD9,-0.00017522122026168116
P55735,-0.00020329549184402047
Q96JE7,-0.00017522122026168116
Q96MF2,-0.00017522122026168116
P81877,-0.0003504424405233623
O95817,-0.013576256774896385
Q9NPQ8,-0.0012265485418317718
Q86WT6,-0.00017522122026168116
Q9Y2J4,-0.0014017697620934493
Q9P0L1,-0.0003504424405233623
Q9Y230,-0.001016477459220104
Q9BVM2,-0.0005256636607850422
P56279,0.0010232530499877607
Q8N4P3,-0.00017522122026168116
Q8WVY7,-0.00017522122026168116
Q9H8T0,0.002221727320237166
P49760,0.00014714694867934777
Q8TAU3,-0.0003504424405233623
Q9UKK6,-0.0003504424405233623
Q9H4D5,-0.0003504424405233623
Q9H1D0,0.0011984742702494462
Q92692,-0.0003504424405233623
Q9Y676,-0.0008761061013084094
Q96GM5,0.0004414408460380318
Q9Y3C4,-0.0007008848810467247
Q59EK9,-0.0008761061013084094
O75830,-0.00017522122026168116
O60238,0.0006728106094643968
Q05D60,-0.0005256636607850422
Q9H467,-0.0015769909823551257
Q9BXJ1,-0.0003504424405233623
Q9UJ41,0.00014714694867934717
Q9H8W4,-0.0003504424405233623
Q01658,-2.8074271582340146e-05
Q13190,-0.0012265485418317718
P54920,0.0003223681689410269
Q9HC98,-0.002978760744448599
Q9NZD4,-0.00017522122026168116
Q9BU20,-0.00017522122026168116
Q9BT04,-0.00017522122026168116
Q8N612,-0.0003504424405233623
Q96HR9,-0.0003504424405233623
Q9BVV2,-0.00017522122026168116
Q53EZ4,-0.0015769909823551257
O43791,0.006167592571508811
Q8IYI8,-0.00017522122026168116
P14317,0.0013736954905111253
Q96JH8,-0.00017522122026168116
O15389,-0.00017522122026168116
Q9NRS6,-0.00017522122026168116
Q86V42,-0.00017522122026168116
Q9UBP6,-0.0003504424405233623
P57081,-0.0007008848810467247
O00204,-0.00017522122026168116
Q96Q35,-0.00017522122026168116
P30626,-0.0007008848810467247
Q14566,0.0025547482107624595
Q8WYH8,0.005144339521521065
Q8WW24,-0.00017522122026168116
P49901,-0.00017522122026168116
Q5JR59,-0.0007008848810467247
Q6FI81,-0.0003504424405233623
O95639,-0.0005256636607850422
Q6UN15,0.00014714694867934736
Q9XRX5,-0.00017522122026168116
P55039,-0.00017522122026168116
P30039,-0.00017522122026168116
Q08209,0.0003223681689410267
Q9NUU7,0.0011984742702494462
Q7L590,0.003595422810748296
Q14011,-0.0003504424405233623
Q96AQ9,-0.00017522122026168116
Q5TD97,-0.0005256636607850422
Q9HCS7,-0.0024530970836635435
Q15699,-0.00017522122026168116
Q13352,0.003069759149963285
Q7Z7J5,-0.00017522122026168116
Q8N9N8,-0.00017522122026168116
Q96BN8,-0.0010513273215700845
Q13490,-0.0013388456281611327
O60269,-0.00017522122026168116
Q8TCT8,-0.00017522122026168116
Q12788,-0.0003504424405233623
P61077,-0.00212395332395489
Q92734,-0.0010513273215700845
Q53HV7,-0.00017522122026168116
Q96C03,-0.00017522122026168116
P61225,-0.0003504424405233623
P48723,-0.00017522122026168116
Q9P2K6,0.0011984742702494462
P41227,0.0006728106094643948
Q9H8E8,-0.0005256636607850422
Q9Y5P6,-0.00017522122026168116
Q96IJ6,-0.00017522122026168116
Q99594,-0.0003504424405233623
Q12906,0.0006166620662997143
P07992,0.00014714694867935135
Q96S82,-0.0005256636607850422
P62333,-0.004934268438909486
O00233,-0.0008761061013084094
P62495,-0.0008761061013084094
Q14145,-0.0025092456268282102
Q49A88,0.001696063659452149
Q9NTN9,-0.00017522122026168116
O95391,-0.0008761061013084094
Q9H2H8,-0.0003504424405233623
P37235,-0.00017522122026168116
Q9NQ87,-0.00017522122026168116
Q15560,-0.0005256636607850422
Q06547,-0.0005256636607850422
Q8NHU6,-0.0007008848810467247
Q9BUX1,-0.00017522122026168116
Q9H2B2,-0.00017522122026168116
P23497,-0.0014017697620934493
Q9NRY6,-0.00017522122026168116
Q9Y6D9,-0.0012265485418317718
Q12805,-0.00017522122026168116
Q9BWQ6,-0.00017522122026168116
Q96EC8,-0.00017522122026168116
Q9GZM5,-0.00017522122026168116
Q9BSR8,-0.00017522122026168116
O43439,-0.0007008848810467247
Q8IZC7,-0.00017522122026168116
P02794,-0.0012265485418317718
P02792,-0.0003504424405233623
Q86YM7,0.0010254653948058524
Q9BW04,0.0015489167107728087
Q8IYR0,-0.00017522122026168116
O75971,-0.0005256636607850422
P60228,-0.000757033424211406
Q96PU8,0.0018712848797138235
Q5T5P2,-0.00017522122026168116
Q8N6Q3,-0.00017522122026168116
O15535,-0.0003504424405233623
P17482,-0.0005256636607850422
P0C1Z6,-0.0012265485418317718
Q9GZU7,-0.0003504424405233623
Q9HBM6,0.0006728106094643916
P48730,0.0059923713512472125
Q99836,-0.001955507694460856
Q9P209,0.003945865251271681
Q9UHR5,-0.0003504424405233623
P20809,-0.00017522122026168116
Q9Y4C2,-0.00017522122026168116
Q9P1Z2,0.0013736954905111296
Q9Y297,0.004162711924650972
Q9C026,0.0011984742702494454
Q9UJU6,-0.0010513273215700845
Q9HCY8,-0.0003504424405233623
Q96FQ6,-0.00017522122026168116
Q9HA65,-0.0007008848810467247
Q9UHJ3,-0.00017522122026168116
Q9Y4E5,0.0010232530499877607
Q07955,-0.001955507694460855
P18206,-0.0014017697620934493
P41226,-0.00017522122026168116
O15294,0.0011703999986670977
Q9H1M0,-0.00017522122026168116
P49321,-0.0008761061013084094
P68431,0.012138665241941373
Q8TC92,-0.00017522122026168116
P45974,-2.8074271582336175e-05
P78364,-0.0012265485418317718
Q9UNH6,-0.00017522122026168116
P61019,0.0006749740351271939
Q8NEG0,0.0015489167107728087
Q7Z412,-0.0005256636607850422
Q9H5X1,-0.0003504424405233623
Q9BUW7,-0.00017522122026168116
O43379,-0.0005256636607850422
O43597,-0.00020329549184402136
Q8NA61,-0.00017522122026168116
Q13748,-0.0003504424405233623
O43395,-0.0024811713552458843
P13798,-0.00017522122026168116
P53990,0.0010232530499877585
Q9UMS4,-0.005284710879432802
P62191,-0.005312785151015176
Q9NPJ8,-0.00017522122026168116
P35998,-0.00513756393075345
Q16401,-0.0024530970836635435
P35249,0.003595422810748299
P40937,0.0018712848797138163
Q14558,-0.0003504424405233623
P11234,-0.0008761061013084094
P56589,-0.00017522122026168116
O75478,0.0015208424391904638
Q06323,-0.0014017697620934493
Q9UL46,-0.0012265485418317718
O75832,-0.004906194167327087
P62820,-0.0024530970836635435
P61244,0.00286646365811923
P50539,0.001198474270249445
Q13323,0.0008480318297260775
P42772,-0.0005256636607850422
Q9Y6Q5,-0.0005256636607850422
Q14188,-0.0007008848810467247
O95630,0.0002942938973586961
P06730,-0.000724766061621226
Q13541,0.002572169760760532
Q9H840,-0.0005256636607850422
Q8WXD5,-0.0007008848810467247
O00151,0.0010232530499877598
Q9UQB8,0.0008276324940094533
P98170,0.003455051452836593
P55211,0.00290423816655633
P17275,0.0030697591499633035
P15407,0.0008480318297260775
P23297,0.00014714694867934728
P04271,0.0013456212189287813
Q16520,-0.0005256636607850422
P36404,-0.0007008848810467247
Q01081,-0.003329203184971985
Q07960,-0.0007008848810467247
Q16611,0.0020465060999755205
Q15369,-0.0037357941686599876
Q15370,-0.005081415387588816
Q7L523,0.0004975893892027114
Q9HB90,0.0006728106094643959
P14923,0.00356734853916598
Q9NSA3,0.0013736954905111298
Q9UBU9,-0.005081415387588816
Q9NUX5,0.0004998118056115987
Q96AP0,0.00102325304998776
P26447,0.0006728106094643966
Q13094,-0.0009041803728907472
P53567,-0.0007008848810467247
Q96CW1,-8.422281474701506e-05
Q96A72,-0.00017522122026168116
Q99613,-0.0003785167121057032
O75821,-0.002451881778374236
Q99638,0.0008199575581437351
Q9NNW7,0.00102325304998776
P17980,-0.007036923082049673
Q92805,-0.00017522122026168116
P40616,-0.0007008848810467247
Q13439,-0.00017522122026168116
Q8N9B5,0.001548916710772811
P08514,-0.0007008848810467247
Q96BR9,0.002221727320237164
P10074,0.001023253049987761
Q8N554,-0.00017522122026168116
Q9UJY5,-0.0019555076944608664
O60296,-0.0005256636607850422
P19387,-0.003329203184971985
Q04656,-0.0003504424405233623
P35754,-0.0003504424405233623
P35670,0.0006728106094643968
Q9H9Q4,-0.00017522122026168116
P49917,-0.0021588031863048495
P00749,0.0011984742702494408
P07093,-0.00017522122026168116
Q9GZZ8,-0.00017522122026168116
P18827,-0.00017522122026168116
O00198,0.0013736954905111298
P55957,0.000995178778405421
Q13794,0.0011984742702494469
Q96LC9,0.0008480318297260775
Q96PG8,0.0011984742702494469
Q8NHW3,-0.0003504424405233623
P52945,-0.0008761061013084094
O00592,-0.00017522122026168116
Q9NQ31,-0.0003504424405233623
P17612,-0.000581812203949727
P01106,1.3551181535293098e-05
Q13105,-0.00020329549184402136
Q15831,-0.00037851671210570434
Q9Y376,-0.00017522122026168116
Q7RTN6,0.0013736954905111292
Q7Z2E3,0.0010232530499877605
P09874,0.005298262060968115
P35240,-0.0004065909836880412
Q96HU1,-0.000526321191784111
Q5TKA1,-0.0012265485418317718
P05412,-0.005397007965762194
P01100,-0.002859688067351568
P61970,-0.0005256636607850422
P06746,0.0004975893892027105
Q9H5J8,0.0001471469486793476
P06307,-0.0001754960308105261
P32239,0.0015489167107728082
Q9H081,-0.0024530970836635435
Q8NBT2,-0.0015769909823551257
Q9HBM1,-0.0012265485418317718
Q8NG31,-0.001752212202616819
O95229,-0.0019274334228785144
Q9H410,-0.002102654643140169
Q9BZD4,-0.0014017697620934493
Q06124,-0.0007543074762227137
P46108,0.0004133665744556943
P04626,0.004912969758094803
P21860,0.0021936530486548478
O00459,0.00011907267709700225
Q96IY1,-0.0019274334228785144
Q08752,0.0009951787784054224
P08238,-0.004815195761812411
P07949,-0.002628318303925241
Q8TA86,-0.0003504424405233623
Q6WCQ1,0.0006728106094643952
Q9BZL4,-0.0005256636607850422
Q9H204,-0.002684466847089923
Q13547,-0.0004985612977144724
P56524,0.011431004770126974
Q9UQL6,0.008683613789104648
Q9UBN7,0.0010581029123377544
Q6R327,0.0016679893878698004
Q8N122,0.0021655787770725127
O14776,-0.002628318303925241
Q15459,0.00011907267709700013
Q12874,-0.0028035395241868986
O75533,-0.0021588031863048456
P52272,-0.001429844033675784
Q16576,-0.001514066848422812
Q09028,-0.0016892880686844918
Q13330,0.002838389386536879
O94776,0.002838389386536871
Q53ET0,0.00102325304998776
Q9H0K1,0.0004975893892027105
Q15020,0.001696063659452149
O43172,-0.0012546228134141058
O95400,-0.0019274334228785144
O75643,-0.0026563925755075965
Q14240,-0.0008761061013084094
Q04637,-0.0009041803728907477
Q6P2Q9,-0.00458382599838602
P61981,-0.00174543661184918
P33176,0.0032449803702249307
A5YKK6,-5.614854316467808e-05
Q8TEX9,-0.0008761061013084094
O95714,-0.0006098864755320689
Q96DI7,-0.0008761061013084094
Q8IWY9,-0.0003504424405233623
Q15029,-0.0016050652539374938
Q9UNM6,-0.004408604778124349
Q86UE8,-0.0008769238185610805
P31946,0.002552606319119983
Q15170,0.0011984742702494465
O00232,-0.004759047218647751
Q9UKT5,0.0008480318297260775
Q99460,-0.0052847108794328015
P46060,-0.0008761061013084094
Q15008,-0.0038829411173393214
Q9UBF8,0.00102325304998776
Q15773,-0.002102654643140169
Q96T76,-0.0031539819647102515
O00231,-0.004759047218647751
Q9BRP4,-0.0019274334228785144
Q9Y575,-0.0008761061013084094
P42773,-0.0007008848810467247
P10155,-0.0003504424405233623
Q6PKG0,0.004121086471533303
Q9Y4H2,0.005144339521521064
Q9Y265,-0.0004627395268527333
O43815,0.0016399151162874777
Q9BUQ8,-0.00020329549184402028
Q8TD19,0.00032236816894102844
Q9P0K7,0.00102325304998776
O43660,-0.0019274334228785144
Q5PRF9,0.0027473909810222566
Q14152,-0.0009041803728907477
Q6IN85,0.001198474270249447
P14678,-0.0019274334228785144
P15056,0.008417394163328488
O43242,-0.004233383557862709
Q13033,0.00199035755681084
P56537,-0.004205309286280338
Q53EL6,-0.00020329549184402068
Q9Y383,-0.002628318303925241
Q9H6R7,-0.0003504424405233623
P62140,0.001317546947346434
Q15435,-0.0008761061013084094
P49792,0.0006447363378820546
Q9NRG4,0.0010232530499877605
Q9Y2J2,0.003945865251271694
P60842,0.001871284879713814
Q5XPI4,-0.0007008848810467247
Q9P1U1,-0.0005256636607850422
Q92747,-0.0014017697620934493
O75400,0.0011423257270847475
Q14978,-0.00020329549184402028
Q96F86,0.0003223681689410273
Q00534,-0.0024530970836635435
Q9H4L5,0.001198474270249445
P30153,0.00485682121493004
Q7Z460,-0.0007016503219471722
O75663,0.000497589389202711
P40818,0.008389319891746017
Q86W92,-0.0003504424405233623
P51948,0.002894537929701555
Q13428,-0.0007008848810467247
Q5MIZ7,0.0013736954905111298
Q8TEW0,0.0004695151176203727
P63167,0.002691242437857563
Q13409,0.0006728106094643932
Q9UDY2,0.0020465060999755196
P52565,0.0013456212189287828
Q9NX58,-0.0010513273215700845
P62750,-0.006714554913108642
Q9UQM7,0.0012007945249689178
Q13557,0.0013736954905111279
Q9UJC3,-0.0005256636607850422
O00487,-0.002887762338933952
Q9BQG0,-0.0005537379323673872
Q13177,-0.0017524567983932774
P61081,-0.001079401593152424
Q13564,0.0008480318297260745
Q8IUD2,0.0006728106094643951
P51665,-0.0033853517281366543
Q16181,-0.0014017697620934493
Q9BQ52,-0.0005256636607850422
Q16543,-0.004492827592871396
Q6WKZ4,-0.0007008848810467247
Q9NRL3,-0.0024530970836635435
Q14232,-0.0007008848810467247
Q9NR50,-0.0010513273215700845
O94817,-0.0010513273215700845
Q9H1Y0,0.0003223681689410292
Q13112,-0.0012265485418317718
Q9NQ29,-0.0012265485418317718
O43427,0.0011984742702494426
Q86YS7,0.001373695490511126
Q9Y3A3,-0.002628318303925241
O96013,0.0003223681689410267
O95190,-0.00017522122026168116
O14977,-0.0005256636607850422
O76081,-0.0003504424405233623
Q15853,-0.0005256636607850422
P22415,0.001843210608131474
Q05639,0.0011984742702494408
Q7KZI7,0.003742569759427641
P08134,-0.0003504424405233623
Q96SB4,-0.0023059501349842206
O15143,-0.001752212202616819
Q13347,-0.0007289591526290727
O00303,-0.0004065909836880421
Q9H0H5,0.0004975893892027112
O75934,0.0004975893892027105
Q02241,0.00014714694867934717
O43432,0.00102325304998776
P61026,-0.00017522122026168116
P61006,-0.0019274334228785144
O95232,-0.0005256636607850422
Q5VSL9,-0.002628318303925241
P41236,-0.0008761061013084094
Q53GS9,-0.0005256636607850422
Q9UBC1,-0.00017522122026168116
P62714,0.004008789385203977
Q7L1Q6,-0.0005256636607850422
Q9Y6E2,-0.0003504424405233623
P48556,-0.004058162337601052
Q9Y4P1,-0.0010513273215700845
Q8TF05,0.001198474270249447
Q8IXH7,0.002396948540498894
Q7L2H7,-0.0007289591526290727
P39023,-0.006336038201002914
O60927,-0.0003504424405233623
O75385,-5.614854316467798e-05
P62380,-0.0003504424405233623
P52655,-0.0007008848810467247
Q9Y2Q3,-0.0003504424405233623
P99999,-0.0007008848810467247
O15371,0.0011703999986671064
Q9P0R6,-0.0003504424405233623
P20823,0.005319560741782778
O00273,0.0027473909810222514
O75363,-0.0001754960308105261
Q8NEM2,-0.0003504424405233623
O95816,-0.0007289591526290721
Q96JB5,-0.0014017697620934493
Q9Y3C8,-0.0003504424405233623
P52657,-0.0005256636607850422
Q9Y5L4,-0.0007008848810467247
Q9Y5J9,-0.00017522122026168116
O75940,-0.0005256636607850422
Q8TDX7,-0.0003504424405233623
P85037,0.0006728106094643952
Q7Z401,0.0030978334215456178
O94915,0.001548916710772808
O95071,0.0008106364447424888
P55854,0.0003223681689410273
O76075,-0.00017522122026168116
Q9Y6M7,0.001548916710772808
Q96HY6,-0.00017522122026168116
Q9NVI1,0.0006728106094643943
Q9NT62,-0.0015769909823551257
Q9NPF4,-0.0012265485418317718
Q14657,-0.0012265485418317718
Q8TBC4,-0.0005256636607850422
P51148,0.001198474270249445
Q9UH99,0.000672810609464392
Q9Y2H1,-0.0005256636607850422
Q9H8S9,-0.0003785167121056936
P23508,0.001373695490511128
Q9Y2W1,-0.0003504424405233623
Q14BN4,-0.0031539819647102515
Q9H0Y0,-0.0003504424405233623
Q9NY93,-0.0003504424405233623
Q02543,-0.006539333692846907
Q9BZE4,-0.0012265485418317718
P60604,0.0004975893892027114
Q9UKV5,-0.003735794168659974
O95218,-0.0008761061013084094
Q6ZRQ5,0.0025721697607605314
P45880,0.0037706440310100175
Q6PIL6,-0.0003504424405233623
Q9NS61,0.0011984742702494408
O15145,-0.0019274334228785144
O75688,-0.0002032954918440206
P55072,-0.004135609561580391
P62995,-0.00020329549184402136
P04049,0.007184349637273366
Q9P2I0,0.00014714694867934736
P46736,0.000995178778405422
Q13144,-0.0008761061013084094
P25787,-0.008060176132037317
Q05519,-0.0010521416816258239
Q92625,-0.0003504424405233623
P25788,-0.008060176132037317
Q6IBS0,-0.0003504424405233623
P47755,-0.0012826970849964638
Q8WXA9,-0.002628318303925241
O00571,0.000827632494009454
P62877,-0.006539333692846892
Q6ICG6,0.004296307691795007
Q15404,-0.0007008848810467247
P55786,-0.0003504424405233623
Q15843,-0.0037077198970776456
Q12802,0.0020465060999755196
Q14161,0.0004975893892027112
Q9P2S5,0.0004975893892027112
Q66GS9,0.0015076135485606146
P49815,0.011521708030071326
P22087,-0.0037077198970776244
O60739,0.0011984742702494452
P54577,-0.00017522122026168116
Q9HBI1,-0.00017522122026168116
Q9NY27,0.0008480318297260775
Q15018,0.0022217273202371646
P08621,-0.002628318303925241
P84103,-0.0014017697620934493
Q86X27,0.0030978334215456178
P06748,0.0016747649786374365
P49207,0.001373695490511126
Q96HA7,0.0030697591499632905
P28074,-0.006833627590205681
Q676U5,-0.002102654643140169
Q13823,-0.0003504424405233623
P62306,-0.0015769909823551257
Q9Y679,-0.0002032954918440202
P13693,-0.0008761061013084094
Q9Y664,-0.00017522122026168116
Q969R8,-0.00017522122026168116
Q9NSK0,0.000672810609464396
Q16204,0.0022217273202371646
P60900,-0.007884954911775655
P18583,-0.0003504424405233623
Q96TC7,0.001198474270249445
Q5W0B1,-0.0005256636607850422
O14818,-0.007359291250990702
Q9P2M7,-0.00017522122026168116
P27037,-0.0005256636607850422
P57105,0.000848031829726078
P27986,0.0030413748652242194
Q08881,-0.0019274334228785144
O14746,-5.6148543164676165e-05
P19338,-0.00046273952685271975
Q00653,-0.0024530970836635435
Q13114,-0.0008131819673760836
Q13233,0.002516021217595852
P61962,0.00032236816894102844
Q6Q0C0,-0.0001754960308105261
Q969H0,0.0029855363352162194
Q01201,-0.001752212202616819
Q92785,0.0023688742689165474
Q9NYJ8,0.00406493792836867
Q15750,-0.000378516712105703
Q9UHD2,-0.001661213797102146
A7MCY6,-0.0010513273215700845
P01375,-0.002626598939496604
P20333,0.00014714694867934698
Q7Z4V5,-0.0003504424405233623
O94874,-0.00017522122026168116
Q9Y3F4,-0.0010513273215700845
Q07864,-0.0008761061013084094
Q8N1F7,-0.0005256636607850422
Q92616,-0.0008761061013084094
Q92974,-0.0008761061013084094
Q9Y5Q9,-0.0012265485418317718
Q8N163,-0.0015769909823551257
P22392,0.0001471469486793471
P31948,-0.002628318303925241
Q9GZS1,-0.0005256636607850422
P68400,0.008543242431193043
Q8IXJ6,0.004296307691795007
P49591,-0.0005256636607850422
Q92538,-0.0008761061013084094
Q00597,-0.00023136976342636657
P08107,0.004912969758094791
P19525,-0.003006835016030947
P54132,0.0017870620649668122
Q13472,-0.0008761061013084094
Q9Y5Z7,0.001198474270249447
O00255,0.003889716708107018
Q15291,0.011311932093030027
Q14686,0.012307110871435442
Q99929,-0.0003504424405233623
Q8NEZ4,-0.001227303911141424
Q12888,-0.002656392575507588
P25054,0.0025377521614954866
P35221,0.0006447363378820534
Q9HB96,-2.8074271582340332e-05
Q9BX63,-0.0014017697620934493
Q9P0W2,0.00014714694867934736
P23458,-0.00142984403367578
Q7Z589,0.0015268349397937907
O15169,0.006139518299926574
Q13363,0.005207263655453449
O43504,0.002922612201283888
P04150,0.0009109559636583984
P10827,0.004787517255788371
P08631,-0.0009041803728907487
Q9BXW9,0.00011907267709700043
Q14683,0.0018432106081314652
Q9UQE7,-0.0034993502418710224
P51531,0.007660360739117064
Q13535,-0.0018083607457814964
P16104,0.0050320424351917225
P20936,-0.00023136976342636272
Q99704,-0.0012546228134141047
P49768,0.002340799997334219
P68366,-0.0005537379323673856
Q92878,0.002193653048654848
O14965,-0.0006379607471144029
P20585,-0.0014017697620934493
P24928,0.014914130494546061
Q13503,-5.614854316467875e-05
P23258,0.0009390302352407341
Q14192,0.006111444028344168
P28324,-0.0003504424405233623
P17535,-0.0002032954918440206
P40692,-0.0005818122039497318
O60934,0.002866463658119229
Q00536,0.0010232530499877605
O43683,-0.00020329549184402022
O60566,-0.002656392575507588
O43684,-0.00037851671210570293
Q12834,-0.007913029183358079
Q9NPI8,-0.00020329549184402055
P43403,-0.0031539819647102515
P06493,0.0012333241325994237
P19447,0.00046951511762037
P50613,0.0007918832865613923
O96017,0.0012894726757641092
O14757,0.0006166620662997122
P30304,0.0006447363378820549
O60341,0.0008267331489113851
Q9UKL0,-0.0009041803728907497
Q96BD5,-0.0010513273215700845
O43541,0.0006447363378820491
Q04771,-0.0010513273215700845
P15941,0.0022054807891652307
Q9HAW4,-0.00037851671210570456
P08047,0.012166739513523718
Q14498,0.0037425697594276317
O14763,-0.0014017697620934493
Q92851,-0.001752212202616819
Q14790,0.0024879469460135297
P26038,-0.0015774614695251378
P15311,0.0013175469473464345
P48023,-0.003504424405233638
Q9UQC2,0.0068684774525555456
P09211,-0.0007016503219471722
Q14676,-0.003357277456554313
P83916,0.0027193167094399016
P06396,0.0020465060999755214
P07948,0.0017870620649668091
Q71DI3,0.0030416848783809286
Q16695,0.003426977181254288
Q9UI95,0.0011703999986671016
Q9NVC6,0.0006166620662997122
Q6ZW49,-0.0004346652552703783
P07900,-0.006553856782893952
Q9UBK9,0.0006728106094643968
P53350,0.0024317984028488643
Q03135,0.00663710768912926
O95239,-0.0005256636607850422
Q08999,-0.00023136976342636234
P55060,-0.0012265485418317718
P16220,-0.00023136976342636196
Q00987,0.000693137381767325
Q92831,0.0020224185956695994
O75376,0.011504906698226385
P24385,0.0011142514555023966
P46109,-0.0012826970849964512
Q12778,0.006008979644268549
Q9Y6N9,-0.0003504424405233623
P55317,0.0013736954905111296
Q9UBS8,0.00014714694867934755
Q15326,-0.0010741447503167614
P50750,0.0017589877933844743
P16234,-0.00037851671210570293
Q13972,-0.00017522122026168116
P43351,-0.0007008848810467247
Q9NR28,-0.0005537379323673853
P28827,-0.0003504424405233623
Q13085,-0.0008761061013084094
P43146,0.0038897167081070358
P21796,0.0022217273202371685
Q9UJM3,0.0004975893892027114
Q9H2C0,0.0003223681689410273
Q8WUI4,0.007513213790437553
Q96IF1,0.0004975893892027112
Q9Y2U5,0.004268233420212734
Q13470,-0.00017522122026168116
O43502,-0.0010513273215700845
P60484,0.003386247236438206
Q86UW6,-0.00017522122026168116
P12643,-0.0005256636607850422
P22223,0.0008480318297260775
Q9UKV0,0.004093012199951038
Q9ULJ6,0.004121086471533293
Q15554,-0.001612566239042179
Q14191,0.0014927681676081058
P78527,0.00044821168877001277
O75943,-2.807427158233928e-05
O00238,-0.0005256636607850422
P18075,-0.0003504424405233623
P42684,0.00032236816894102785
P10721,-5.614854316467932e-05
Q13813,0.00494104402967707
Q92889,0.0006728106094643942
Q92845,0.002572169760760532
Q92796,0.00669325623229393
P30260,-0.0028596880673515423
Q9H1A4,-0.002978760744448599
Q9UM13,-0.001752212202616819
Q9NYG5,-0.002102654643140169
Q9UJX5,-0.0024811713552458843
Q13042,-0.002978760744448599
Q9UJX3,-0.0019555076944608586
P13056,0.0008199575581437351
O75293,-0.0007008848810467247
Q99683,0.0007638090149790429
Q9H9A7,-0.0012265485418317718
P20248,-0.003911015388921712
Q9Y5B0,0.00032236816894102747
P33151,0.0023969485404988938
P10586,0.0027473909810222584
P05181,0.0013736954905111233
Q92835,0.0015208424391904636
O60496,-0.0003504424405233623
Q92547,0.0008199575581437381
P14625,0.0023688742689165427
Q00403,-0.0024530970836635435
P29083,-0.0005537379323673841
P35269,-0.0014298440336757733
Q96ST3,0.0058077530969736085
O15111,-0.00031559257817337946
O14733,-0.002102654643140169
Q8IZL8,-0.0010794015931524245
Q9H3P2,-0.0008761061013084094
O15350,-0.0009603289160554399
Q9NW38,-0.001079401593152421
P48736,-0.0008769238185610805
O15315,-0.0005256636607850422
Q8IZJ4,0.0015489167107728106
Q66K74,0.0003223681689410286
Q08211,0.0018151363365491383
P35251,-0.000549993266949713
Q92759,-0.002102654643140169
Q15544,0.0016960636594521529
O43542,0.0010232530499877607
Q9Y6K9,0.0032517559609925714
Q8NFZ5,-0.0015769909823551257
Q14164,-0.0016050652539374947
O15084,-0.002102654643140169
P26378,-0.00017522122026168116
Q13427,-0.0003509364280718968
Q15796,0.008977907686463338
O95405,-0.0012265485418317718
Q9H4P4,0.0028945379297015774
Q9NR09,0.0036038856807339053
Q96S96,0.003097833421545616
Q02750,0.002729465371884832
P17844,0.004562527317571347
Q13950,0.0016679893878698
Q9P104,-0.00017522122026168116
Q76KD6,-0.00017522122026168116
O14727,0.0004998118056115986
Q53HL2,-0.0010513273215700845
Q96FI4,-0.00017522122026168116
Q92542,0.000848031829726078
Q96BI3,-0.0010521416816258239
P26006,-0.0007008848810467247
Q05193,-0.0005537379323673854
Q9NQS7,-0.0015769909823551257
Q6EEV6,-0.00017522122026168116
P25963,-0.0021588031863048487
Q9H9H4,0.000848031829726078
Q9H7B4,0.001198474270249447
P00441,-0.001074144750316763
Q9BSI4,0.002221727320237166
P54274,-0.0005818122039497288
O15446,-0.0007008848810467247
O95602,-0.0004065909836880408
Q6ZYL4,-0.0005256636607850422
Q13888,-0.0012265485418317718
P18074,-0.00020329549184402098
P32780,0.001843210608131463
Q13889,0.000497589389202711
Q9BQE4,-0.0012265485418317718
Q9BUN8,-0.002978760744448599
P01892,-0.00020329549184402467
P05771,-0.0005499932669497132
Q8IV61,0.0013736954905111275
Q05655,-0.0021307289147225214
P62913,-0.008116324675202114
P10242,0.007541288062020039
Q6UB99,-0.0003509364280718968
Q8N3L3,0.0011984742702494469
P22307,-0.0001754960308105261
Q9NYB0,0.001696063659452155
Q9BTT4,0.0014646938960257703
Q71F56,0.0006749740351271948
Q9UHV7,0.00030381481193732696
Q93074,0.001485860830840896
O60244,0.0011142514555024096
Q9ULK4,-0.0006098864755320697
Q96RN5,-0.0019555076944608595
Q9Y2X0,0.004765822809415377
P24863,0.0008199575581437385
P49336,-0.002186877457887222
Q9BWU1,0.0012894726757641062
Q6P2C8,-0.0005537379323673853
A0JLT2,-0.00043466525527037443
O75586,0.0021655787770724984
O43513,0.00011907267709699994
Q96G25,-0.0016050652539374949
Q9BUE0,-0.000932254644473092
Q9H944,-0.00040659098368804093
Q9NX70,-0.0014579183052581446
Q96HR3,-0.0007289591526290724
Q9P086,-0.0016050652539374949
Q9Y3C7,-0.00020329549184402055
Q15648,0.008305097076999076
O75448,0.004590601589153767
Q71SY5,0.002368874268916548
Q15528,-0.0007289591526290724
Q9NWA0,-0.0010794015931524226
O95402,-8.422281474701631e-05
P52435,-0.0028035395241868986
P62487,-0.004030088066018659
P30876,-0.0016050652539374918
P62328,-0.0005256636607850422
P78396,-0.0017802864741991661
Q0VD86,-0.00017522122026168116
Q8NCQ7,-0.00017522122026168116
Q9UBC3,-0.002656392575507588
O95347,-0.002102654643140169
O60264,-0.001605065253937492
Q9BPX3,-0.0010513273215700845
Q6ZUM4,-0.00017522122026168116
Q96EE3,0.00014714694867934736
P57740,-0.0010794015931524224
Q9BW27,-0.0014017697620934493
Q8WUM0,-0.001402410507107859
Q12769,-0.0012265485418317718
Q8NFH3,0.00014714694867934736
Q8NFH4,-0.0007008848810467247
O94979,-0.0003504424405233623
Q9NZU7,0.0011984742702494473
Q13936,-0.00017522122026168116
Q14135,-0.0005256636607850422
P28347,0.0006728106094643914
Q9GZV1,0.0010232530499877605
P63316,-0.0005256636607850422
P53675,-0.0003509364280718968
Q9Y5X3,0.000848031829726078
O75955,-0.0014017697620934493
Q13683,-0.0003504424405233623
Q8NCE0,-0.00017522122026168116
Q7Z6J9,-0.00017522122026168116
O00206,-0.0012265485418317718
Q9NR96,-0.00017522122026168116
Q9C0D0,-0.00017522122026168116
Q9NPP4,-0.0007008848810467247
Q9HC29,-0.002628318303925241
P29466,-0.0007008848810467247
Q8IYP9,0.0015489167107728074
P29475,0.000850191898191945
P78537,0.000848031829726078
Q6QNY1,-0.0010513273215700845
Q6QNY0,-0.0005256636607850422
Q96EV8,-0.0005537379323673872
Q8TDH9,-0.0005256636607850422
Q99575,-0.0014017697620934493
O95707,-0.0008761061013084094
O75817,-0.0003504424405233623
Q9BUL9,-0.0008761061013084094
Q969H6,-0.0003504424405233623
P78345,-0.0003504424405233623
O43524,0.00856454111200764
P42575,0.0008480318297260764
P78560,-0.0005256636607850422
Q9HB75,-0.0008761061013084094
P41145,-0.0003509364280718968
Q86VW2,-0.00017522122026168116
Q92804,-0.0014017697620934493
Q9H2G4,0.0013736954905111294
Q9UHV2,0.0003223681689410273
Q8IUC6,-0.001752212202616819
Q9BV36,0.0013761792886811323
Q9Y4I1,0.0024020897518802252
Q99996,-0.0015774614695251378
Q86V81,0.000995178778405422
Q13838,-0.0019274334228785144
Q9H9E3,-0.0012265485418317718
Q8WTW3,-0.0012265485418317718
Q14746,-0.0012265485418317718
Q9UP83,-0.0010513273215700845
P83436,-0.0012265485418317718
Q96PF2,-0.0003504424405233623
Q9UJT2,-0.00017522122026168116
Q13671,0.0010232530499877605
Q5U651,0.0015489167107728106
Q9P2W9,-0.0007008848810467247
O43264,-0.0007008848810467247
Q6NUQ1,-0.0007008848810467247
Q8WVM8,-0.0005256636607850422
O75396,-0.0003504424405233623
P15172,0.0016399151162874747
Q14500,0.00531956074178278
Q02410,-0.0007008848810467247
Q15700,0.0013761792886811312
O14910,0.0041210864715333214
Q9NUP9,0.0018712848797138133
Q13424,0.0003223681689410291
Q96PE1,0.0015489167107728104
Q8IZQ8,0.000848031829726078
P11831,0.004590601589153754
Q96PV0,-0.0003509364280718968
Q15942,0.0016960636594521513
O76041,0.0011984742702494406
P51170,0.0025721697607605305
P01138,0.0031032950054341655
O76064,-0.00023136976342636503
P22736,0.005817150130985542
Q9UKV8,-0.0016331395255198306
Q9UHI6,-0.002978760744448599
P57678,-0.0019274334228785144
Q13153,0.002165578777072498
P35658,0.0015208424391904582
P26651,0.0013456212189287893
Q9Y210,-0.000526321191784111
P06241,0.009854013787771811
P17676,0.002516021217595844
Q9Y5A7,-0.0012265485418317718
O15205,-0.0014017697620934493
P20963,0.00032236816894102926
P01730,0.0006728106094643911
P06239,0.0032169060986425775
Q7L5Y6,-0.0008761061013084094
Q16531,-0.007618735285999383
Q8NHY2,0.0016399151162874708
Q86UR5,-0.000526321191784111
Q92598,-0.0007008848810467247
O75840,-0.00017522122026168116
Q6PIJ6,0.0013736954905111294
Q9UBK2,0.0028664636581192393
Q9HAU4,-0.0037077198970776127
Q9HCE7,0.0007357347433967264
Q16602,-0.0001754960308105261
O60894,0.0015489167107728074
Q9UBS5,0.0012007945249689115
Q96N16,0.0015489167107728074
O75081,0.0003223681689410273
O15068,-0.0003504424405233623
O15409,0.0008501918981919458
Q9H334,0.0010254653948058522
Q8IVH2,0.0030978334215456147
O15516,0.00463135388330931
Q9Y3M8,-0.0003504424405233623
Q71U36,-0.005607079048373797
Q8N668,0.00026621962577634144
Q13164,0.00581715013098552
Q9H2X6,0.0016399151162874747
O14939,-2.8074271582340332e-05
P08246,0.001373695490511127
Q7Z3S9,0.0012007945249689117
O43318,-0.0035886472199807055
Q96KC8,-0.00017522122026168116
P01011,-0.00017522122026168116
P18847,0.00029429389735869554
Q9UK53,0.002018431828393199
Q8NC96,-0.0003504424405233623
Q14832,0.0011984742702494406
P35813,-0.0010513273215700845
O00471,0.0006749740351271934
Q8TEB7,0.0011984742702494469
Q96FW1,0.0016679893878698004
Q9UQ26,0.0013736954905111268
Q8WZA2,-0.0003509364280718968
Q76FK4,-0.0003504424405233623
Q9Y221,-0.0003504424405233623
Q08945,0.0073709445611404925
Q9Y6X8,0.0013736954905111298
Q9C0H9,0.00102325304998776
Q6ZNA4,-0.0031539819647102515
P63096,-0.000553737932367385
Q9Y4H4,-0.00017522122026168116
Q8WVJ9,-0.0003504424405233623
O95931,-0.0022778758634018734
Q53GS7,-0.00017522122026168116
O75694,-0.0005256636607850422
P46531,0.005585780367559147
P10515,-0.0010513273215700845
O00330,0.001198474270249447
P11177,-0.0008761061013084094
P21817,0.0008480318297260775
Q13061,-0.0003504424405233623
P35232,0.004281863927515522
P13501,-0.0005256636607850422
P51681,-0.0005256636607850422
P50148,-2.807427158233966e-05
O15492,-0.0005256636607850422
Q92888,-0.0003504424405233623
Q03113,-0.0005256636607850422
Q9UHV9,-0.0014017697620934493
Q99471,-0.0019274334228785144
O15212,-0.0010513273215700845
P52564,0.0004975893892027111
O94868,-0.0003504424405233623
P19022,0.0006728106094643968
Q06187,-0.00037851671210570347
P78347,-0.0007247660616212252
P31949,0.0011984742702494408
Q2M1K9,0.0025721697607605475
Q9Y4X5,-0.0010513273215700845
Q7Z3T8,-0.0003504424405233623
Q9Y3Y4,-0.00017522122026168116
O00512,-0.00017522122026168116
Q8N6I1,0.0013736954905111296
Q13887,0.005789075859403127
O60671,-0.0015769909823551257
Q9UNS1,-0.00017522122026168116
Q9BVW5,-0.0003504424405233623
O95551,-0.0008761061013084094
P41220,0.0011703999986671044
Q13976,0.0023969485404988894
Q9BRA2,-0.00017522122026168116
Q15532,0.0035673485391659976
Q14008,-0.0008761061013084094
Q00537,-0.00017522122026168116
Q14204,0.00047836507241221226
O60749,-0.0010513273215700845
Q9Y2I2,-0.0001754960308105261
Q9HCJ2,0.0015489167107728072
Q96L34,0.0006728106094643932
P10636,0.004079886327307064
Q16082,0.0006728106094643917
Q96MG7,0.0004998118056115984
Q13627,0.0015268349397937891
Q9Y463,0.0018712848797138124
Q13309,0.0038054938933599998
Q8TEL6,-0.0008761061013084094
P63146,-0.0010794015931524245
Q8IWV8,0.0011984742702494413
O14920,6.775590767644444e-06
Q07021,0.0009951787784054224
Q504Q3,-0.0008761061013084094
Q58A45,0.0010232530499877596
P23921,-0.0008761061013084094
P31350,-0.0005256636607850422
Q7LG56,-0.0003504424405233623
Q86SG2,0.001548916710772811
Q15327,0.001023253049987761
Q03001,0.0010254653948058524
Q08170,-0.0003504424405233623
Q8TF01,-0.00017522122026168116
O76070,0.001373695490511121
Q9NZ42,0.000848031829726078
O00555,0.0011703999986671025
Q07889,0.002544095489178205
Q969V6,0.0013736954905111298
O95429,-0.002978760744448599
P41238,0.0011984742702494413
Q99719,0.0003223681689410273
P05231,-0.00017522122026168116
P08887,0.0011984742702494413
P17252,-0.003854866845757029
Q16658,0.0013736954905111296
O94887,-0.00017522122026168116
Q9H2G2,-0.0003504424405233623
Q86YR5,-0.0010513273215700845
Q99490,0.003954043239117651
Q92870,-0.0003504424405233623
O75164,0.0011984742702494447
Q92828,0.001548916710772808
Q9BZK7,0.002051820926398188
Q86T24,0.005670003182306173
Q92900,-0.0007570334242114067
Q8IU60,-0.0014017697620934493
Q13868,-0.002628318303925241
Q01780,-0.0019274334228785144
Q9H1J1,-0.0008761061013084094
P11233,0.0003223681689410288
O60645,0.0024020897518802183
P58400,0.0015516196859425015
Q8N2Q7,0.001376179288681132
P13688,0.0027473909810222506
P07355,-2.807427158233995e-05
P05019,-0.000526321191784111
Q16270,0.0013736954905111266
P55884,0.0032169060986425827
O75822,-0.0010513273215700845
Q14244,-0.00017522122026168116
Q9HBA0,-0.0003504424405233623
Q6XD76,-0.00017522122026168116
Q16625,0.0006728106094643954
P22888,-0.0001754960308105261
Q96AX9,0.00102325304998776
P68133,-0.0015769909823551257
Q15014,-0.0021307289147225227
Q9Y605,-0.0007008848810467247
O14813,-0.00017522122026168116
Q9NSC5,0.0008480318297260775
Q9UBN4,0.0010232530499877607
Q7Z6J0,-0.0015769909823551257
Q16584,-2.807427158233966e-05
P07858,-0.0010513273215700845
P01040,-0.0003504424405233623
P04080,-0.00017522122026168116
P34932,0.00979786524460726
Q99614,-0.0015769909823551257
P25685,-0.002102654643140169
P35462,-0.000526321191784111
Q96NY7,0.0015489167107728067
P27824,-0.0024530970836635435
Q5MJ70,-0.0003504424405233623
P58062,-0.0010513273215700845
P80294,-0.00017522122026168116
P13640,-0.00017522122026168116
P16452,-0.00017522122026168116
O15235,-0.00017522122026168116
P22460,0.00014714694867934736
P07437,0.0014927681676080988
P61764,0.0008501918981919468
P04053,-0.0008761061013084094
P41217,-0.00017522122026168116
Q8TD46,-0.00017522122026168116
P29597,-0.0012265485418317718
P17861,0.00137369549051113
P57087,-0.00017522122026168116
Q9BX67,-0.00017522122026168116
P02649,0.00032470520964515817
Q14114,0.002747390981022252
Q9Y232,-0.0014017697620934493
P05120,-0.0003504424405233623
P54252,0.0051162652499388015
Q9P1T7,-0.0003504424405233623
Q03181,0.0063428137917704835
Q99623,0.0027193167094399047
P06454,0.0008480318297260775
Q16555,-0.000526321191784111
O95782,0.00204650609997552
P49757,0.0011703999986671044
P46940,-0.003329203184971985
Q01851,0.0029226122012838973
Q99578,-0.0001754960308105261
P33076,0.0004975893892027115
O15527,-0.0003504424405233623
Q12879,0.0004998118056115984
P01903,-0.0005256636607850422
P28068,-0.00017522122026168116
Q8WVB6,-0.0010513273215700845
P35250,0.0018712848797138163
P40938,0.002046506099975518
Q9BVC3,-0.0005256636607850422
O95831,-0.0014017697620934493
O60741,-0.00017522122026168116
Q9UL51,-0.00017522122026168116
Q9UIB8,-0.00017522122026168116
Q9BT88,0.0013736954905111283
O75334,-0.0005256636607850422
O75145,-0.0003504424405233623
Q9C0E4,0.0015489167107728093
O60237,-0.0005256636607850422
Q01860,-0.0010794015931524191
P48431,0.002516021217595843
P07711,-0.0003504424405233623
Q96CK0,-0.00017522122026168116
Q14839,0.002663168166275246
Q9UIA0,-0.00017522122026168116
P49069,-0.0005256636607850422
Q01196,0.0006166620662997164
P35869,0.0051162652499388
Q8TAQ2,0.001159013729553237
Q92922,0.008536466840425446
O43293,-0.0007008848810467247
O95278,-0.0012265485418317718
P23193,0.001170399998667103
P25490,0.000385292302873348
Q9BTW9,-0.00017522122026168116
P49675,0.0013736954905111262
Q8TD31,0.00102325304998776
O75469,0.005992371351247211
Q969W9,0.0015489167107728098
Q9UPY3,-0.0002032954918440206
Q9UL18,0.0010023496551318086
Q9H9G7,0.0004975893892027112
P30533,0.002747390981022252
P98155,0.0012007945249689139
P78509,0.0013761792886811315
Q8WVM0,-0.00017522122026168116
Q00059,-0.0003504424405233623
Q9HBH9,-0.0007008848810467247
P07203,-0.000526321191784111
O75689,0.000497589389202711
Q9Y216,-0.00017522122026168116
Q9Y217,-0.00017522122026168116
Q13574,0.0029226122012838878
O14646,0.002927910241721905
P14859,-0.00023136976342636044
P04406,-0.0019835819660431924
O15519,0.002368874268916547
Q9UHQ4,-0.00017522122026168116
P51572,0.0006447363378820527
P11912,-0.0005256636607850422
P40259,-0.00017522122026168116
P25098,0.0016960636594521535
P30679,-0.0003504424405233623
Q92854,-0.00017522122026168116
P21854,-0.0003504424405233623
P29350,-0.0007570334242114075
P61088,-0.0009884031876377583
Q02779,-0.0014017697620934493
P84095,-0.0003504424405233623
Q8IZ81,-0.00017522122026168116
Q15797,0.0031888318270602554
Q04917,0.001261398404181759
Q9P0J0,0.0011984742702494467
P26358,0.002838389386536879
P15170,-0.0008761061013084094
Q13489,-0.0019835819660431997
Q96J84,-0.0003504424405233623
O60500,-0.0008761061013084094
Q9Y3D6,-0.0007008848810467247
P35609,0.002046506099975519
Q9UL62,-0.0005256636607850422
Q9NZ72,-0.0003504424405233623
A7KAX9,0.0011771224498033168
Q13224,0.0067081820900528905
Q13507,0.0013736954905111272
P51809,-0.0008761061013084094
O14617,-0.0008761061013084094
O95721,-0.0002032954918440206
O60825,-0.00017522122026168116
Q9Y266,-0.00037851671210570385
Q5SQ64,-0.0003504424405233623
Q14451,-0.0002032954918440206
Q96A56,0.0008480318297260783
P43694,0.0018712848797138204
P52952,0.00412920546863321
Q99593,0.00309783342154561
O75460,-0.0014017697620934493
Q15382,0.0034202015904866013
O15503,-0.0015769909823551257
Q12770,-0.0005256636607850422
Q12772,0.000497589389202711
P52198,0.0027473909810222584
